,freesound_id,id,path,start_sample,end_sample,loudness,mfcc_0,mfcc_1,mfcc_2,mfcc_3,mfcc_4,mfcc_5,mfcc_6,mfcc_7,mfcc_8,mfcc_9,mfcc_10,mfcc_11,mfcc_12,attack_time,attack_start,attack_stop,zero_crossing,spec_centroid
0,,None_f0,194817__csum__amen-break-mashed-164bpm.wav,512,8192,0.00830565243959427,-669.5078,85.32233,-11.203526,106.43949,4.04414,31.914448,4.7421684,17.500162,-0.32841492,4.6130676,-8.762491,4.249525,-10.73521,-1.5541805028915405,4.535147309070453e-05,0.027959182858467102,0.05624999850988388,950.9962158203125
1,,None_f0,194817__csum__amen-break-mashed-164bpm.wav,512,8192,0.00830565243959427,-669.5078,85.32233,-11.203526,106.43949,4.04414,31.914448,4.7421684,17.500162,-0.32841492,4.6130676,-8.762491,4.249525,-10.73521,-1.5541805028915405,4.535147309070453e-05,0.027959182858467102,0.05624999850988388,950.9962158203125
2,,None_f1,194817__csum__amen-break-mashed-164bpm.wav,8192,16384,0.0024643782526254654,-682.91815,20.526302,-26.032373,87.041885,-2.9996338,12.699396,-23.492773,17.18448,-4.273056,-2.9846077,-11.040848,-3.3268661,-15.72678,-0.7317383885383606,0.0002494330983608961,0.18571428954601288,0.1614990234375,3583.469482421875
3,,None_f1,194817__csum__amen-break-mashed-164bpm.wav,8192,16384,0.0024643782526254654,-682.91815,20.526302,-26.032373,87.041885,-2.9996338,12.699396,-23.492773,17.18448,-4.273056,-2.9846077,-11.040848,-3.3268661,-15.72678,-0.7317383885383606,0.0002494330983608961,0.18571428954601288,0.1614990234375,3583.469482421875
4,,None_f2,194817__csum__amen-break-mashed-164bpm.wav,16384,24576,0.00428939750418067,-619.2649,80.228516,-46.722527,55.876377,-10.736847,19.028767,-14.272984,6.943125,-9.194195,9.052788,4.5943108,5.9128456,-12.209896,-5.0,0.0,0.0,0.1312255859375,2609.977783203125
5,,None_f2,194817__csum__amen-break-mashed-164bpm.wav,16384,24576,0.00428939750418067,-619.2649,80.228516,-46.722527,55.876377,-10.736847,19.028767,-14.272984,6.943125,-9.194195,9.052788,4.5943108,5.9128456,-12.209896,-5.0,0.0,0.0,0.1312255859375,2609.977783203125
6,,None_f3,194817__csum__amen-break-mashed-164bpm.wav,24576,28671,0.0038065381813794374,-637.2427,32.94648,-25.722893,64.12199,-3.3309326,-8.191853,-26.165329,13.254082,-8.355879,-5.828249,-17.39205,-6.5678673,-18.39088,-1.0663727521896362,0.0001360544265480712,0.08596371859312057,0.134521484375,2322.358642578125
7,,None_f3,194817__csum__amen-break-mashed-164bpm.wav,24576,28671,0.0038065381813794374,-637.2427,32.94648,-25.722893,64.12199,-3.3309326,-8.191853,-26.165329,13.254082,-8.355879,-5.828249,-17.39205,-6.5678673,-18.39088,-1.0663727521896362,0.0001360544265480712,0.08596371859312057,0.134521484375,2322.358642578125
8,,None_f4,194817__csum__amen-break-mashed-164bpm.wav,28671,33280,0.006400589105105452,-605.7599,50.53801,-43.18706,60.274895,-13.425264,8.654755,-25.82152,10.491941,-4.2096157,8.570763,-5.4487114,1.7152729,-22.073843,-2.2827107906341553,0.0,0.005215419456362724,0.1288503259420395,2057.865478515625
9,,None_f4,194817__csum__amen-break-mashed-164bpm.wav,28671,33280,0.006400589105105452,-605.7599,50.53801,-43.18706,60.274895,-13.425264,8.654755,-25.82152,10.491941,-4.2096157,8.570763,-5.4487114,1.7152729,-22.073843,-2.2827107906341553,0.0,0.005215419456362724,0.1288503259420395,2057.865478515625
10,,None_f5,194817__csum__amen-break-mashed-164bpm.wav,33280,40960,0.012194145719210308,-685.8639,129.76845,34.369568,102.060715,10.42482,24.615345,-3.8709908,35.28656,5.1334343,2.374157,-7.170744,-2.7230606,-1.9085388,-3.4983105659484863,0.0,0.0003174603043589741,0.01627604104578495,499.5572814941406
11,,None_f5,194817__csum__amen-break-mashed-164bpm.wav,33280,40960,0.012194145719210308,-685.8639,129.76845,34.369568,102.060715,10.42482,24.615345,-3.8709908,35.28656,5.1334343,2.374157,-7.170744,-2.7230606,-1.9085388,-3.4983105659484863,0.0,0.0003174603043589741,0.01627604104578495,499.5572814941406
12,,None_f6,194817__csum__amen-break-mashed-164bpm.wav,40960,48640,0.00957086185614268,-686.4486,95.46459,21.034641,104.58646,16.60838,29.699959,-3.5511322,29.574425,1.0978165,7.733433,2.8701057,5.3890457,-8.252043,-2.9284353256225586,0.005510204005986452,0.006689342204481363,0.03007812425494194,685.0538940429688
13,,None_f6,194817__csum__amen-break-mashed-164bpm.wav,40960,48640,0.00957086185614268,-686.4486,95.46459,21.034641,104.58646,16.60838,29.699959,-3.5511322,29.574425,1.0978165,7.733433,2.8701057,5.3890457,-8.252043,-2.9284353256225586,0.005510204005986452,0.006689342204481363,0.03007812425494194,685.0538940429688
14,,None_f7,194817__csum__amen-break-mashed-164bpm.wav,48640,56832,0.003902384778484702,-623.2947,71.23117,-48.8387,61.218784,-16.550665,24.310514,-10.660667,12.927643,-12.92519,-1.0369492,-5.3851566,0.4461403,-10.910751,-3.4683473110198975,6.80272132740356e-05,0.0004081632650922984,0.1412353515625,2918.6982421875
15,,None_f7,194817__csum__amen-break-mashed-164bpm.wav,48640,56832,0.003902384778484702,-623.2947,71.23117,-48.8387,61.218784,-16.550665,24.310514,-10.660667,12.927643,-12.92519,-1.0369492,-5.3851566,0.4461403,-10.910751,-3.4683473110198975,6.80272132740356e-05,0.0004081632650922984,0.1412353515625,2918.6982421875
16,,None_f8,194817__csum__amen-break-mashed-164bpm.wav,56832,61440,0.0035657895108064017,-624.8211,22.169424,-30.77179,67.67511,-18.664368,2.5105934,-31.85649,-1.4453316,-9.082375,-3.8447113,-12.269735,-4.2115784,-14.8738,-1.074596643447876,0.00018140589236281812,0.08439909666776657,0.1742621511220932,3395.034423828125
17,,None_f8,194817__csum__amen-break-mashed-164bpm.wav,56832,61440,0.0035657895108064017,-624.8211,22.169424,-30.77179,67.67511,-18.664368,2.5105934,-31.85649,-1.4453316,-9.082375,-3.8447113,-12.269735,-4.2115784,-14.8738,-1.074596643447876,0.00018140589236281812,0.08439909666776657,0.1742621511220932,3395.034423828125
18,,None_f9,194817__csum__amen-break-mashed-164bpm.wav,61440,69120,0.0028596170246601104,-644.60443,24.2785,-31.656347,68.09378,-8.922247,1.5163193,-21.494242,20.149965,-4.165449,-6.2677307,-13.454985,-3.0552425,-14.060846,-0.7895862460136414,4.535147309070453e-05,0.16238094866275787,0.14817708730697632,2965.71484375
19,,None_f9,194817__csum__amen-break-mashed-164bpm.wav,61440,69120,0.0028596170246601104,-644.60443,24.2785,-31.656347,68.09378,-8.922247,1.5163193,-21.494242,20.149965,-4.165449,-6.2677307,-13.454985,-3.0552425,-14.060846,-0.7895862460136414,4.535147309070453e-05,0.16238094866275787,0.14817708730697632,2965.71484375
20,,None_f10,194817__csum__amen-break-mashed-164bpm.wav,69120,77824,0.00890060733346378,-630.8404,87.93475,9.745132,104.16417,16.843102,21.702944,-6.832777,25.470013,5.4165077,-4.639305,-4.5438156,3.4703884,-22.25834,-3.4403185844421387,0.0,0.00036281178472563624,0.07467830926179886,1096.6129150390625
21,,None_f10,194817__csum__amen-break-mashed-164bpm.wav,69120,77824,0.00890060733346378,-630.8404,87.93475,9.745132,104.16417,16.843102,21.702944,-6.832777,25.470013,5.4165077,-4.639305,-4.5438156,3.4703884,-22.25834,-3.4403185844421387,0.0,0.00036281178472563624,0.07467830926179886,1096.6129150390625
22,,None_f11,194817__csum__amen-break-mashed-164bpm.wav,77824,80896,0.01388128474354744,-659.9414,129.26291,7.052742,100.8883,16.198215,33.447994,2.9442863,28.131443,8.106445,5.830452,-1.2921143,5.1232452,-2.0238647,-2.026390552520752,0.0,0.009410430677235126,0.02213541604578495,968.9647827148438
23,,None_f11,194817__csum__amen-break-mashed-164bpm.wav,77824,80896,0.01388128474354744,-659.9414,129.26291,7.052742,100.8883,16.198215,33.447994,2.9442863,28.131443,8.106445,5.830452,-1.2921143,5.1232452,-2.0238647,-2.026390552520752,0.0,0.009410430677235126,0.02213541604578495,968.9647827148438
24,,None_f12,194817__csum__amen-break-mashed-164bpm.wav,80896,93696,0.0029308107495307923,-664.1894,40.26237,-53.442104,65.41652,-20.827274,3.2949333,-19.663187,0.7652893,-20.675415,-9.479519,-16.599974,-7.83197,-10.5512295,-2.224482774734497,0.0,0.005963718984276056,0.15125000476837158,3022.986083984375
25,,None_f12,194817__csum__amen-break-mashed-164bpm.wav,80896,93696,0.0029308107495307923,-664.1894,40.26237,-53.442104,65.41652,-20.827274,3.2949333,-19.663187,0.7652893,-20.675415,-9.479519,-16.599974,-7.83197,-10.5512295,-2.224482774734497,0.0,0.005963718984276056,0.15125000476837158,3022.986083984375
26,,None_f13,194817__csum__amen-break-mashed-164bpm.wav,93696,97280,0.0020790754684380124,-690.61945,44.7951,-43.242847,66.69151,-14.065279,9.021248,-19.508093,8.273264,0.3063202,5.354862,-1.6378288,-5.6728706,-14.427629,-1.1557469367980957,0.0012018140405416489,0.0710657611489296,0.158203125,3844.546630859375
27,,None_f13,194817__csum__amen-break-mashed-164bpm.wav,93696,97280,0.0020790754684380124,-690.61945,44.7951,-43.242847,66.69151,-14.065279,9.021248,-19.508093,8.273264,0.3063202,5.354862,-1.6378288,-5.6728706,-14.427629,-1.1557469367980957,0.0012018140405416489,0.0710657611489296,0.158203125,3844.546630859375
28,,None_f14,194817__csum__amen-break-mashed-164bpm.wav,97280,101888,0.0030600312683317396,-631.6983,28.202274,-30.417782,68.942474,-4.8425636,-1.3660202,-32.36934,7.410429,-13.570286,-7.393011,-10.788654,-10.79487,-18.313324,-1.0838147401809692,4.535147309070453e-05,0.0824943333864212,0.1627604216337204,3232.791015625
29,,None_f14,194817__csum__amen-break-mashed-164bpm.wav,97280,101888,0.0030600312683317396,-631.6983,28.202274,-30.417782,68.942474,-4.8425636,-1.3660202,-32.36934,7.410429,-13.570286,-7.393011,-10.788654,-10.79487,-18.313324,-1.0838147401809692,4.535147309070453e-05,0.0824943333864212,0.1627604216337204,3232.791015625
30,,None_f15,194817__csum__amen-break-mashed-164bpm.wav,101888,105472,0.005300767719745636,-640.9285,53.148903,-35.50235,73.50722,-7.8853188,11.662735,-22.313208,7.962122,-1.0185127,4.569233,1.0751915,-1.3594933,-9.51309,-1.1356396675109863,9.070294618140906e-05,0.07326530665159225,0.1436941921710968,2359.6171875
31,,None_f15,194817__csum__amen-break-mashed-164bpm.wav,101888,105472,0.005300767719745636,-640.9285,53.148903,-35.50235,73.50722,-7.8853188,11.662735,-22.313208,7.962122,-1.0185127,4.569233,1.0751915,-1.3594933,-9.51309,-1.1356396675109863,9.070294618140906e-05,0.07326530665159225,0.1436941921710968,2359.6171875
32,,None_f16,194817__csum__amen-break-mashed-164bpm.wav,105472,113152,0.0037985458970069886,-631.095,66.55334,-47.697502,63.40866,-5.518898,19.815292,-14.942003,13.013552,-13.42433,-4.804283,-13.830915,-0.31336212,-10.977987,-3.9454686641693115,0.0,0.00011337868636474013,0.12942709028720856,2622.581787109375
33,,None_f16,194817__csum__amen-break-mashed-164bpm.wav,105472,113152,0.0037985458970069886,-631.095,66.55334,-47.697502,63.40866,-5.518898,19.815292,-14.942003,13.013552,-13.42433,-4.804283,-13.830915,-0.31336212,-10.977987,-3.9454686641693115,0.0,0.00011337868636474013,0.12942709028720856,2622.581787109375
34,,None_f17,194817__csum__amen-break-mashed-164bpm.wav,113152,118272,0.014510402083396911,-652.2784,90.39979,17.742783,111.068535,22.723671,38.2694,3.2266846,23.93882,9.742264,1.9413795,-2.3199596,3.8115807,-10.2472725,-3.2294652462005615,0.0,0.0005895691574551165,0.01992187462747097,551.1571044921875
35,,None_f17,194817__csum__amen-break-mashed-164bpm.wav,113152,118272,0.014510402083396911,-652.2784,90.39979,17.742783,111.068535,22.723671,38.2694,3.2266846,23.93882,9.742264,1.9413795,-2.3199596,3.8115807,-10.2472725,-3.2294652462005615,0.0,0.0005895691574551165,0.01992187462747097,551.1571044921875
36,,None_f18,194817__csum__amen-break-mashed-164bpm.wav,118272,121856,0.012987588133130754,-631.16547,119.2114,-0.65646744,94.29918,12.890789,33.840393,-3.4590607,26.427788,7.990444,3.5496235,5.333172,3.61232,2.0904922,-2.034844160079956,0.0,0.0092290248721838,0.0304129458963871,975.6572875976562
37,,None_f18,194817__csum__amen-break-mashed-164bpm.wav,118272,121856,0.012987588133130754,-631.16547,119.2114,-0.65646744,94.29918,12.890789,33.840393,-3.4590607,26.427788,7.990444,3.5496235,5.333172,3.61232,2.0904922,-2.034844160079956,0.0,0.0092290248721838,0.0304129458963871,975.6572875976562
38,,None_f19,194817__csum__amen-break-mashed-164bpm.wav,121856,129536,0.004823589821656545,-639.11194,63.63566,-50.440216,67.704285,-6.2936745,20.319649,-13.519247,13.716213,-13.036785,-6.2096176,-14.674458,-1.2980118,-10.4345,-0.7826055884361267,0.0012018140405416489,0.16616779565811157,0.13046875596046448,2111.57421875
39,,None_f19,194817__csum__amen-break-mashed-164bpm.wav,121856,129536,0.004823589821656545,-639.11194,63.63566,-50.440216,67.704285,-6.2936745,20.319649,-13.519247,13.716213,-13.036785,-6.2096176,-14.674458,-1.2980118,-10.4345,-0.7826055884361267,0.0012018140405416489,0.16616779565811157,0.13046875596046448,2111.57421875
40,,None_f20,194817__csum__amen-break-mashed-164bpm.wav,129536,145408,0.005434461659000766,-671.01483,42.235786,-29.661629,103.92479,-4.01466,18.449718,-8.805141,17.146841,-5.9120064,9.954151,-1.6592216,-6.0860596,-14.198179,-2.0774121284484863,0.00528344651684165,0.013650793582201004,0.13060735166072845,1823.1099853515625
41,,None_f20,194817__csum__amen-break-mashed-164bpm.wav,129536,145408,0.005434461659000766,-671.01483,42.235786,-29.661629,103.92479,-4.01466,18.449718,-8.805141,17.146841,-5.9120064,9.954151,-1.6592216,-6.0860596,-14.198179,-2.0774121284484863,0.00528344651684165,0.013650793582201004,0.13060735166072845,1823.1099853515625
42,,None_f21,194817__csum__amen-break-mashed-164bpm.wav,145408,153600,0.004721926990896463,-616.6606,67.12465,-52.40705,60.896084,-11.041147,15.988924,-13.503128,12.277555,-11.3920555,-3.3388672,-14.745247,-1.7757187,-12.277021,-0.7450011372566223,0.0,0.1798866242170334,0.1256103515625,2380.337890625
43,,None_f21,194817__csum__amen-break-mashed-164bpm.wav,145408,153600,0.004721926990896463,-616.6606,67.12465,-52.40705,60.896084,-11.041147,15.988924,-13.503128,12.277555,-11.3920555,-3.3388672,-14.745247,-1.7757187,-12.277021,-0.7450011372566223,0.0,0.1798866242170334,0.1256103515625,2380.337890625
44,,None_f22,194817__csum__amen-break-mashed-164bpm.wav,153600,161792,0.006223373580724001,-659.22723,110.798134,5.633255,91.81683,13.772804,30.478983,-4.894352,26.616291,8.857468,14.61141,-0.122276306,10.294792,-9.547775,-2.2789506912231445,0.0009750566678121686,0.006235827691853046,0.0982666015625,1479.15478515625
45,,None_f22,194817__csum__amen-break-mashed-164bpm.wav,153600,161792,0.006223373580724001,-659.22723,110.798134,5.633255,91.81683,13.772804,30.478983,-4.894352,26.616291,8.857468,14.61141,-0.122276306,10.294792,-9.547775,-2.2789506912231445,0.0009750566678121686,0.006235827691853046,0.0982666015625,1479.15478515625
46,,None_f23,194817__csum__amen-break-mashed-164bpm.wav,161792,166912,0.0035018116235733033,-612.9233,44.617336,-12.887688,63.819862,-18.894196,4.490259,-33.514915,-5.546982,-9.130106,-5.4743347,-8.88525,0.13438988,-15.596439,-1.099131464958191,0.00036281178472563624,0.07995464652776718,0.1767578125,3557.91552734375
47,,None_f23,194817__csum__amen-break-mashed-164bpm.wav,161792,166912,0.0035018116235733033,-612.9233,44.617336,-12.887688,63.819862,-18.894196,4.490259,-33.514915,-5.546982,-9.130106,-5.4743347,-8.88525,0.13438988,-15.596439,-1.099131464958191,0.00036281178472563624,0.07995464652776718,0.1767578125,3557.91552734375
48,,None_f24,194817__csum__amen-break-mashed-164bpm.wav,166912,169984,0.006637408708532651,-628.37195,49.352093,-41.44297,65.5664,-9.416393,4.619993,-20.799265,10.434713,-8.278036,-7.305439,-12.888615,-0.29091454,-21.214132,-1.259726881980896,0.0006802721181884408,0.05566893517971039,0.1276041716337204,1862.2523193359375
49,,None_f24,194817__csum__amen-break-mashed-164bpm.wav,166912,169984,0.006637408708532651,-628.37195,49.352093,-41.44297,65.5664,-9.416393,4.619993,-20.799265,10.434713,-8.278036,-7.305439,-12.888615,-0.29091454,-21.214132,-1.259726881980896,0.0006802721181884408,0.05566893517971039,0.1276041716337204,1862.2523193359375
50,,None_f25,194817__csum__amen-break-mashed-164bpm.wav,169984,174080,0.015624630264937878,-653.468,80.444786,18.392616,111.93524,30.08009,40.82553,6.147175,27.132898,12.942627,5.7282677,1.2852631,6.163885,-10.182091,-2.9723408222198486,0.003310657572001219,0.004376417025923729,0.017822265625,494.59075927734375
51,,None_f25,194817__csum__amen-break-mashed-164bpm.wav,169984,174080,0.015624630264937878,-653.468,80.444786,18.392616,111.93524,30.08009,40.82553,6.147175,27.132898,12.942627,5.7282677,1.2852631,6.163885,-10.182091,-2.9723408222198486,0.003310657572001219,0.004376417025923729,0.017822265625,494.59075927734375
52,,None_f26,194817__csum__amen-break-mashed-164bpm.wav,174080,177664,0.01212887785264424,-697.31506,136.6352,18.506378,100.779526,16.631596,34.86193,7.5720215,27.520557,4.1858788,4.997574,-5.3386936,5.167835,-9.204445,-5.0,0.0,0.0,0.02371651865541935,823.7626953125
53,,None_f26,194817__csum__amen-break-mashed-164bpm.wav,174080,177664,0.01212887785264424,-697.31506,136.6352,18.506378,100.779526,16.631596,34.86193,7.5720215,27.520557,4.1858788,4.997574,-5.3386936,5.167835,-9.204445,-5.0,0.0,0.0,0.02371651865541935,823.7626953125
54,,None_f27,194817__csum__amen-break-mashed-164bpm.wav,177664,185856,0.004398617893457413,-621.54004,44.96441,-67.42149,57.861656,-24.464592,6.3335457,-17.486156,3.5454712,-17.903532,-5.942539,-14.385172,-2.993969,-10.945305,-2.8315253257751465,0.0,0.0014739228645339608,0.150146484375,3079.419677734375
55,,None_f27,194817__csum__amen-break-mashed-164bpm.wav,177664,185856,0.004398617893457413,-621.54004,44.96441,-67.42149,57.861656,-24.464592,6.3335457,-17.486156,3.5454712,-17.903532,-5.942539,-14.385172,-2.993969,-10.945305,-2.8315253257751465,0.0,0.0014739228645339608,0.150146484375,3079.419677734375
56,,None_f28,194817__csum__amen-break-mashed-164bpm.wav,185856,189952,0.004160088486969471,-616.52246,7.8840237,-35.75083,67.704895,-12.170546,-0.9414215,-42.27986,7.8385353,-16.766195,-11.761242,-12.666172,-12.119303,-16.634092,-1.0706390142440796,0.0,0.08498866111040115,0.163818359375,3315.629638671875
57,,None_f28,194817__csum__amen-break-mashed-164bpm.wav,185856,189952,0.004160088486969471,-616.52246,7.8840237,-35.75083,67.704895,-12.170546,-0.9414215,-42.27986,7.8385353,-16.766195,-11.761242,-12.666172,-12.119303,-16.634092,-1.0706390142440796,0.0,0.08498866111040115,0.163818359375,3315.629638671875
58,,None_f29,194817__csum__amen-break-mashed-164bpm.wav,189952,194560,0.006624968101580937,-610.90643,44.18615,-60.48352,58.99253,-24.713533,3.7292213,-23.618567,7.1833935,-6.756296,-3.7153664,-18.61528,-14.685024,-23.972872,-1.0383797883987427,4.535147309070453e-05,0.09158730506896973,0.1265190988779068,2288.490966796875
59,,None_f29,194817__csum__amen-break-mashed-164bpm.wav,189952,194560,0.006624968101580937,-610.90643,44.18615,-60.48352,58.99253,-24.713533,3.7292213,-23.618567,7.1833935,-6.756296,-3.7153664,-18.61528,-14.685024,-23.972872,-1.0383797883987427,4.535147309070453e-05,0.09158730506896973,0.1265190988779068,2288.490966796875
60,,None_f30,194817__csum__amen-break-mashed-164bpm.wav,194560,206336,0.005789363513822141,-690.22894,70.45253,-1.4108696,99.65179,8.663399,29.00498,-3.361,23.299265,0.09484482,4.2740364,1.0967102,1.9251442,-10.512548,-2.805589437484741,0.00036281178472563624,0.0019274376099929214,0.09400475770235062,968.1754760742188
61,,None_f30,194817__csum__amen-break-mashed-164bpm.wav,194560,206336,0.005789363513822141,-690.22894,70.45253,-1.4108696,99.65179,8.663399,29.00498,-3.361,23.299265,0.09484482,4.2740364,1.0967102,1.9251442,-10.512548,-2.805589437484741,0.00036281178472563624,0.0019274376099929214,0.09400475770235062,968.1754760742188
62,,None_f31,194817__csum__amen-break-mashed-164bpm.wav,206336,210432,0.004614516627043486,-657.135,62.035877,-42.827175,68.12259,-6.9979725,11.916725,-16.785025,16.934103,-0.37337875,7.8739243,1.8097458,-0.8959503,-10.623978,-1.0792994499206543,0.0,0.08331065624952316,0.126708984375,2264.755615234375
63,,None_f31,194817__csum__amen-break-mashed-164bpm.wav,206336,210432,0.004614516627043486,-657.135,62.035877,-42.827175,68.12259,-6.9979725,11.916725,-16.785025,16.934103,-0.37337875,7.8739243,1.8097458,-0.8959503,-10.623978,-1.0792994499206543,0.0,0.08331065624952316,0.126708984375,2264.755615234375
64,,None_f32,194817__csum__amen-break-mashed-164bpm.wav,210432,218112,0.004015096525351206,-632.5461,66.86493,-48.067593,62.376,-6.136305,18.654648,-14.806957,12.72382,-13.304577,-6.0422783,-15.179901,-1.2480812,-11.660879,-0.7708854675292969,4.535147309070453e-05,0.16952380537986755,0.126953125,2624.955322265625
65,,None_f32,194817__csum__amen-break-mashed-164bpm.wav,210432,218112,0.004015096525351206,-632.5461,66.86493,-48.067593,62.376,-6.136305,18.654648,-14.806957,12.72382,-13.304577,-6.0422783,-15.179901,-1.2480812,-11.660879,-0.7708854675292969,4.535147309070453e-05,0.16952380537986755,0.126953125,2624.955322265625
66,,None_f33,194817__csum__amen-break-mashed-164bpm.wav,218112,226304,0.005062332842499018,-621.91113,48.129845,-62.263123,57.162277,-22.845299,4.5906315,-17.275057,2.4035606,-18.670736,-6.058079,-15.398539,-2.7951508,-12.018917,-0.7467015385627747,0.0012018140405416489,0.18038548529148102,0.1407470703125,2558.98828125
67,,None_f33,194817__csum__amen-break-mashed-164bpm.wav,218112,226304,0.005062332842499018,-621.91113,48.129845,-62.263123,57.162277,-22.845299,4.5906315,-17.275057,2.4035606,-18.670736,-6.058079,-15.398539,-2.7951508,-12.018917,-0.7467015385627747,0.0012018140405416489,0.18038548529148102,0.1407470703125,2558.98828125
68,,None_f34,194817__csum__amen-break-mashed-164bpm.wav,226304,230400,0.014019261114299297,-636.23425,69.151054,13.007328,105.53847,22.486664,29.717852,-2.7379837,22.284569,8.5618515,17.427742,0.12159729,6.346918,-3.1240673,-2.0232622623443604,0.0002494330983608961,0.00972789153456688,0.024658203125,647.2041015625
69,,None_f34,194817__csum__amen-break-mashed-164bpm.wav,226304,230400,0.014019261114299297,-636.23425,69.151054,13.007328,105.53847,22.486664,29.717852,-2.7379837,22.284569,8.5618515,17.427742,0.12159729,6.346918,-3.1240673,-2.0232622623443604,0.0002494330983608961,0.00972789153456688,0.024658203125,647.2041015625
70,,None_f35,194817__csum__amen-break-mashed-164bpm.wav,230400,234496,0.014561564661562443,-686.81323,108.67166,11.860989,111.519775,26.679508,30.805027,1.3392181,34.01355,6.321129,4.9263916,-4.7384644,7.0618916,-18.106209,-2.93686842918396,0.0019047618843615055,0.0030612244736403227,0.01953125,661.09228515625
71,,None_f35,194817__csum__amen-break-mashed-164bpm.wav,230400,234496,0.014561564661562443,-686.81323,108.67166,11.860989,111.519775,26.679508,30.805027,1.3392181,34.01355,6.321129,4.9263916,-4.7384644,7.0618916,-18.106209,-2.93686842918396,0.0019047618843615055,0.0030612244736403227,0.01953125,661.09228515625
72,,None_f36,194817__csum__amen-break-mashed-164bpm.wav,234496,238591,0.015786880627274513,-651.8767,81.72164,18.620361,110.88449,28.926575,40.163868,5.9902344,27.602394,12.831654,6.0402603,0.77575684,6.4084625,-9.791744,-2.9723408222198486,0.0030612244736403227,0.0041269841603934765,0.017822265625,489.4895324707031
73,,None_f36,194817__csum__amen-break-mashed-164bpm.wav,234496,238591,0.015786880627274513,-651.8767,81.72164,18.620361,110.88449,28.926575,40.163868,5.9902344,27.602394,12.831654,6.0402603,0.77575684,6.4084625,-9.791744,-2.9723408222198486,0.0030612244736403227,0.0041269841603934765,0.017822265625,489.4895324707031
74,,None_f37,194817__csum__amen-break-mashed-164bpm.wav,238591,242688,0.015132609898430828,-647.19946,138.85822,8.44117,90.05685,16.735577,22.656033,-3.5608826,21.884779,11.915436,6.2175426,5.890583,8.227119,-5.5830727,-1.643570899963379,0.0,0.02272108756005764,0.022693997249007225,833.0040893554688
75,,None_f37,194817__csum__amen-break-mashed-164bpm.wav,238591,242688,0.015132609898430828,-647.19946,138.85822,8.44117,90.05685,16.735577,22.656033,-3.5608826,21.884779,11.915436,6.2175426,5.890583,8.227119,-5.5830727,-1.643570899963379,0.0,0.02272108756005764,0.022693997249007225,833.0040893554688
76,,None_f38,194817__csum__amen-break-mashed-164bpm.wav,242688,250368,0.003970105697711309,-624.84534,67.98069,-48.530846,58.896492,-20.767885,16.2967,-10.681778,17.819124,-3.583149,7.9645348,-3.9447517,7.847706,-4.1178017,-0.7749722003936768,0.00011337868636474013,0.16800454258918762,0.13190104067325592,2653.550537109375
77,,None_f38,194817__csum__amen-break-mashed-164bpm.wav,242688,250368,0.003970105697711309,-624.84534,67.98069,-48.530846,58.896492,-20.767885,16.2967,-10.681778,17.819124,-3.583149,7.9645348,-3.9447517,7.847706,-4.1178017,-0.7749722003936768,0.00011337868636474013,0.16800454258918762,0.13190104067325592,2653.550537109375
78,,None_f39,194817__csum__amen-break-mashed-164bpm.wav,250368,254464,0.01477211806923151,-652.6298,75.88286,17.705696,113.65168,23.984512,39.782787,5.9600525,27.696638,18.022491,9.060535,3.2342148,5.3234215,-9.71818,-1.7014390230178833,0.0,0.019886622205376625,0.02490234375,764.03369140625
79,,None_f39,194817__csum__amen-break-mashed-164bpm.wav,250368,254464,0.01477211806923151,-652.6298,75.88286,17.705696,113.65168,23.984512,39.782787,5.9600525,27.696638,18.022491,9.060535,3.2342148,5.3234215,-9.71818,-1.7014390230178833,0.0,0.019886622205376625,0.02490234375,764.03369140625
80,,None_f40,194817__csum__amen-break-mashed-164bpm.wav,254464,266240,0.00821394505708114,-663.51025,129.51665,9.169781,92.24841,-4.4842453,26.412477,4.383812,22.588121,6.3262444,7.829384,-6.470663,0.37467957,-17.64895,-2.1420114040374756,2.2675736545352265e-05,0.007233560085296631,0.04874320700764656,849.7369995117188
81,,None_f40,194817__csum__amen-break-mashed-164bpm.wav,254464,266240,0.00821394505708114,-663.51025,129.51665,9.169781,92.24841,-4.4842453,26.412477,4.383812,22.588121,6.3262444,7.829384,-6.470663,0.37467957,-17.64895,-2.1420114040374756,2.2675736545352265e-05,0.007233560085296631,0.04874320700764656,849.7369995117188
82,,None_f41,194817__csum__amen-break-mashed-164bpm.wav,266240,274432,0.0024097454734146595,-681.1484,20.926304,-24.783396,88.132355,-2.1108742,13.714098,-22.592247,18.182678,-3.042368,-1.906353,-10.228588,-2.363041,-14.805735,-3.60304594039917,6.80272132740356e-05,0.0003174603043589741,0.161376953125,3687.952392578125
83,,None_f41,194817__csum__amen-break-mashed-164bpm.wav,266240,274432,0.0024097454734146595,-681.1484,20.926304,-24.783396,88.132355,-2.1108742,13.714098,-22.592247,18.182678,-3.042368,-1.906353,-10.228588,-2.363041,-14.805735,-3.60304594039917,6.80272132740356e-05,0.0003174603043589741,0.161376953125,3687.952392578125
84,,None_f42,194817__csum__amen-break-mashed-164bpm.wav,274432,283136,0.0041885073570644155,-626.5767,80.187256,-46.247368,56.354565,-10.718737,18.753145,-14.6630745,7.060894,-9.430801,8.711346,4.3123436,5.6503887,-12.512596,-2.6901960372924805,0.00015873015217948705,0.0021995464339852333,0.13304227590560913,2646.020751953125
85,,None_f42,194817__csum__amen-break-mashed-164bpm.wav,274432,283136,0.0041885073570644155,-626.5767,80.187256,-46.247368,56.354565,-10.718737,18.753145,-14.6630745,7.060894,-9.430801,8.711346,4.3123436,5.6503887,-12.512596,-2.6901960372924805,0.00015873015217948705,0.0021995464339852333,0.13304227590560913,2646.020751953125
86,,None_f43,194817__csum__amen-break-mashed-164bpm.wav,283136,287232,0.004395500291138887,-622.3622,52.797943,-23.90297,60.0627,-5.83873,-7.5326157,-28.713724,9.0330715,-10.90934,-5.6880302,-12.628679,-0.6371727,-11.199194,-1.1169376373291016,0.0002040816325461492,0.0765986368060112,0.128662109375,2162.60693359375
87,,None_f43,194817__csum__amen-break-mashed-164bpm.wav,283136,287232,0.004395500291138887,-622.3622,52.797943,-23.90297,60.0627,-5.83873,-7.5326157,-28.713724,9.0330715,-10.90934,-5.6880302,-12.628679,-0.6371727,-11.199194,-1.1169376373291016,0.0002040816325461492,0.0765986368060112,0.128662109375,2162.60693359375
88,,None_f44,194817__csum__amen-break-mashed-164bpm.wav,287232,299008,0.008635572765184485,-673.9364,94.98923,25.40247,105.98653,19.093803,25.000214,-4.9341793,35.00948,3.5653,0.735569,-6.5056515,2.3554611,-10.230431,-1.023054599761963,0.0006122448830865324,0.09544217586517334,0.056980300694704056,894.9208374023438
89,,None_f44,194817__csum__amen-break-mashed-164bpm.wav,287232,299008,0.008635572765184485,-673.9364,94.98923,25.40247,105.98653,19.093803,25.000214,-4.9341793,35.00948,3.5653,0.735569,-6.5056515,2.3554611,-10.230431,-1.023054599761963,0.0006122448830865324,0.09544217586517334,0.056980300694704056,894.9208374023438
90,,None_f45,194817__csum__amen-break-mashed-164bpm.wav,299008,306688,0.009500705202420552,-685.56134,95.91736,21.209934,104.40558,16.579185,29.768606,-3.6837883,29.097992,0.8620682,7.8918457,3.089222,5.6967773,-8.2423935,-2.0489423274993896,0.0,0.00893424078822136,0.02955729141831398,663.2996215820312
91,,None_f45,194817__csum__amen-break-mashed-164bpm.wav,299008,306688,0.009500705202420552,-685.56134,95.91736,21.209934,104.40558,16.579185,29.768606,-3.6837883,29.097992,0.8620682,7.8918457,3.089222,5.6967773,-8.2423935,-2.0489423274993896,0.0,0.00893424078822136,0.02955729141831398,663.2996215820312
92,,None_f46,194817__csum__amen-break-mashed-164bpm.wav,306688,315392,0.0038833456004367154,-629.85895,71.20041,-48.47922,61.752087,-16.463783,24.156523,-10.959991,12.865562,-13.068064,-1.1916237,-5.541027,0.22420883,-11.214174,-5.0,0.0010430838447064161,0.0011111111380159855,0.14303767681121826,2931.84375
93,,None_f46,194817__csum__amen-break-mashed-164bpm.wav,306688,315392,0.0038833456004367154,-629.85895,71.20041,-48.47922,61.752087,-16.463783,24.156523,-10.959991,12.865562,-13.068064,-1.1916237,-5.541027,0.22420883,-11.214174,-5.0,0.0010430838447064161,0.0011111111380159855,0.14303767681121826,2931.84375
94,,None_f47,194817__csum__amen-break-mashed-164bpm.wav,315392,319488,0.0036267663817852736,-619.58997,23.967688,-30.11194,68.07041,-18.87757,3.2592106,-32.457443,-0.52437973,-8.214224,-2.8796043,-12.2857,-3.9373474,-14.800648,-1.1250044107437134,0.0,0.07498866319656372,0.16943359375,3252.849365234375
95,,None_f47,194817__csum__amen-break-mashed-164bpm.wav,315392,319488,0.0036267663817852736,-619.58997,23.967688,-30.11194,68.07041,-18.87757,3.2592106,-32.457443,-0.52437973,-8.214224,-2.8796043,-12.2857,-3.9373474,-14.800648,-1.1250044107437134,0.0,0.07498866319656372,0.16943359375,3252.849365234375
96,,None_f48,194817__csum__amen-break-mashed-164bpm.wav,319488,323584,0.010211854241788387,-601.11115,75.72005,-23.285387,75.03398,-13.467213,13.184296,-10.547859,16.500095,0.07437134,7.776251,-9.414967,-3.486065,-17.36534,-1.1406478881835938,0.0003401360590942204,0.07267573475837708,0.136962890625,1438.701904296875
97,,None_f48,194817__csum__amen-break-mashed-164bpm.wav,319488,323584,0.010211854241788387,-601.11115,75.72005,-23.285387,75.03398,-13.467213,13.184296,-10.547859,16.500095,0.07437134,7.776251,-9.414967,-3.486065,-17.36534,-1.1406478881835938,0.0003401360590942204,0.07267573475837708,0.136962890625,1438.701904296875
98,,None_f49,194817__csum__amen-break-mashed-164bpm.wav,323584,330752,0.01086757970707757,-642.91925,87.33207,-4.4772873,104.89735,7.5634003,31.334887,3.4356155,17.243876,-1.6856041,4.4534206,-2.4305115,2.2357826,-14.871204,-2.0489423274993896,0.0007709750789217651,0.009705215692520142,0.0538504458963871,866.8228759765625
99,,None_f49,194817__csum__amen-break-mashed-164bpm.wav,323584,330752,0.01086757970707757,-642.91925,87.33207,-4.4772873,104.89735,7.5634003,31.334887,3.4356155,17.243876,-1.6856041,4.4534206,-2.4305115,2.2357826,-14.871204,-2.0489423274993896,0.0007709750789217651,0.009705215692520142,0.0538504458963871,866.8228759765625
100,,None_f50,194817__csum__amen-break-mashed-164bpm.wav,330752,339456,0.003555198364398059,-627.6158,60.507675,-23.55028,77.6828,-4.5528393,19.536793,-14.348656,20.874407,-4.1997337,0.60985565,-9.922817,-10.506828,-19.946795,-0.7282479405403137,2.2675736545352265e-05,0.186984121799469,0.15544576942920685,3063.64794921875
101,,None_f50,194817__csum__amen-break-mashed-164bpm.wav,330752,339456,0.003555198364398059,-627.6158,60.507675,-23.55028,77.6828,-4.5528393,19.536793,-14.348656,20.874407,-4.1997337,0.60985565,-9.922817,-10.506828,-19.946795,-0.7282479405403137,2.2675736545352265e-05,0.186984121799469,0.15544576942920685,3063.64794921875
102,,None_f51,194817__csum__amen-break-mashed-164bpm.wav,339456,347136,0.0037851018210252126,-625.63074,80.25716,-44.27993,57.34305,-9.859722,19.32499,-15.134966,5.693783,-11.3306465,7.4831734,3.2748756,5.408272,-11.968071,-5.0,0.0,2.2675736545352265e-05,0.1321614533662796,2743.070068359375
103,,None_f51,194817__csum__amen-break-mashed-164bpm.wav,339456,347136,0.0037851018210252126,-625.63074,80.25716,-44.27993,57.34305,-9.859722,19.32499,-15.134966,5.693783,-11.3306465,7.4831734,3.2748756,5.408272,-11.968071,-5.0,0.0,2.2675736545352265e-05,0.1321614533662796,2743.070068359375
104,,None_f52,194817__csum__amen-break-mashed-164bpm.wav,347136,351744,0.0041293663283189135,-630.6579,47.05844,-24.726973,60.525787,-6.385523,-8.8814125,-28.536871,9.159803,-10.55089,-6.150654,-14.920021,-2.1522884,-13.094564,-1.06022047996521,0.00011337868636474013,0.08716553449630737,0.1295572966337204,2300.962890625
105,,None_f52,194817__csum__amen-break-mashed-164bpm.wav,347136,351744,0.0041293663283189135,-630.6579,47.05844,-24.726973,60.525787,-6.385523,-8.8814125,-28.536871,9.159803,-10.55089,-6.150654,-14.920021,-2.1522884,-13.094564,-1.06022047996521,0.00011337868636474013,0.08716553449630737,0.1295572966337204,2300.962890625
106,,None_f53,194817__csum__amen-break-mashed-164bpm.wav,351744,355840,0.0069795032031834126,-582.715,72.273,-41.745285,51.254517,-18.748457,-4.516575,-37.68215,-1.8227463,-10.751369,0.12813187,-4.5046005,6.6275826,-9.433325,-1.1537779569625854,0.0007936508045531809,0.07097505778074265,0.13037109375,2227.6591796875
107,,None_f53,194817__csum__amen-break-mashed-164bpm.wav,351744,355840,0.0069795032031834126,-582.715,72.273,-41.745285,51.254517,-18.748457,-4.516575,-37.68215,-1.8227463,-10.751369,0.12813187,-4.5046005,6.6275826,-9.433325,-1.1537779569625854,0.0007936508045531809,0.07097505778074265,0.13037109375,2227.6591796875
108,,None_f54,194817__csum__amen-break-mashed-164bpm.wav,355840,363520,0.004571170608202616,-630.3306,70.17944,-45.174553,54.107517,-20.91514,13.433195,-12.898941,16.458721,-5.809366,6.815613,-4.697033,7.056225,-4.9715443,-0.7681629657745361,0.0,0.17054422199726105,0.126953125,2313.587158203125
109,,None_f54,194817__csum__amen-break-mashed-164bpm.wav,355840,363520,0.004571170608202616,-630.3306,70.17944,-45.174553,54.107517,-20.91514,13.433195,-12.898941,16.458721,-5.809366,6.815613,-4.697033,7.056225,-4.9715443,-0.7681629657745361,0.0,0.17054422199726105,0.126953125,2313.587158203125
110,,None_f55,194817__csum__amen-break-mashed-164bpm.wav,363520,371200,0.009732469916343689,-675.48663,102.50214,14.157253,100.85648,12.692028,29.722645,4.164852,23.629944,2.779827,7.2346992,2.6076546,3.880165,-9.205299,-1.9751217365264893,0.0006122448830865324,0.011201813817024231,0.04309896007180214,776.5299682617188
111,,None_f55,194817__csum__amen-break-mashed-164bpm.wav,363520,371200,0.009732469916343689,-675.48663,102.50214,14.157253,100.85648,12.692028,29.722645,4.164852,23.629944,2.779827,7.2346992,2.6076546,3.880165,-9.205299,-1.9751217365264893,0.0006122448830865324,0.011201813817024231,0.04309896007180214,776.5299682617188
112,,None_f56,194817__csum__amen-break-mashed-164bpm.wav,371200,384000,0.0035442522168159483,-639.3746,55.292305,-34.670624,68.995056,-8.400927,17.315876,-17.27106,16.63088,-6.5499573,-2.0125427,-7.263977,-4.2039795,-11.772163,-1.9560188055038452,0.0,0.01106575969606638,0.1463281214237213,2867.11376953125
113,,None_f56,194817__csum__amen-break-mashed-164bpm.wav,371200,384000,0.0035442522168159483,-639.3746,55.292305,-34.670624,68.995056,-8.400927,17.315876,-17.27106,16.63088,-6.5499573,-2.0125427,-7.263977,-4.2039795,-11.772163,-1.9560188055038452,0.0,0.01106575969606638,0.1463281214237213,2867.11376953125
114,,None_f57,194817__csum__amen-break-mashed-164bpm.wav,384000,388096,0.007936031557619572,-614.8004,75.28946,-29.784729,64.48273,-25.134592,7.1202297,-20.500305,6.314699,-11.586796,-1.793602,-19.70536,-8.401028,-25.519978,-1.1234313249588013,0.00015873015217948705,0.07541950047016144,0.13671875,1462.61376953125
115,,None_f57,194817__csum__amen-break-mashed-164bpm.wav,384000,388096,0.007936031557619572,-614.8004,75.28946,-29.784729,64.48273,-25.134592,7.1202297,-20.500305,6.314699,-11.586796,-1.793602,-19.70536,-8.401028,-25.519978,-1.1234313249588013,0.00015873015217948705,0.07541950047016144,0.13671875,1462.61376953125
116,,None_f58,194817__csum__amen-break-mashed-164bpm.wav,388096,392704,0.014891071452034844,-596.3259,83.03781,-7.143179,114.89132,6.8215027,18.117842,-0.753479,22.442839,-6.3863735,10.86672,-2.5960693,-1.6981926,-7.8779564,-2.8520467281341553,0.002743764081969857,0.004149660002440214,0.0687934011220932,1046.4259033203125
117,,None_f58,194817__csum__amen-break-mashed-164bpm.wav,388096,392704,0.014891071452034844,-596.3259,83.03781,-7.143179,114.89132,6.8215027,18.117842,-0.753479,22.442839,-6.3863735,10.86672,-2.5960693,-1.6981926,-7.8779564,-2.8520467281341553,0.002743764081969857,0.004149660002440214,0.0687934011220932,1046.4259033203125
118,,None_f59,194817__csum__amen-break-mashed-164bpm.wav,392704,395775,0.007311468943953514,-581.4392,43.48326,-40.06272,102.483795,-4.876999,8.209873,-15.300444,16.59041,-9.079197,10.17646,-0.052597046,-12.33111,-15.84037,-1.2266348600387573,0.0003174603043589741,0.059659864753484726,0.1399739533662796,2874.224609375
119,,None_f59,194817__csum__amen-break-mashed-164bpm.wav,392704,395775,0.007311468943953514,-581.4392,43.48326,-40.06272,102.483795,-4.876999,8.209873,-15.300444,16.59041,-9.079197,10.17646,-0.052597046,-12.33111,-15.84037,-1.2266348600387573,0.0003174603043589741,0.059659864753484726,0.1399739533662796,2874.224609375
120,,None_f60,194817__csum__amen-break-mashed-164bpm.wav,395775,403967,0.010282687842845917,-638.4971,102.52408,9.1179085,122.78404,9.07058,34.560364,1.7129822,16.720419,-5.492052,3.6832695,-8.016996,-2.7389565,-7.642317,-1.9864271879196167,0.0,0.010317460633814335,0.0484619140625,1141.39599609375
121,,None_f60,194817__csum__amen-break-mashed-164bpm.wav,395775,403967,0.010282687842845917,-638.4971,102.52408,9.1179085,122.78404,9.07058,34.560364,1.7129822,16.720419,-5.492052,3.6832695,-8.016996,-2.7389565,-7.642317,-1.9864271879196167,0.0,0.010317460633814335,0.0484619140625,1141.39599609375
122,,None_f61,194817__csum__amen-break-mashed-164bpm.wav,403967,411648,0.003567606482273649,-643.12213,65.475685,-47.979454,64.13004,-5.9995346,16.74132,-16.483938,11.482311,-15.039236,-7.689617,-16.078827,-2.8276787,-12.006008,-0.7758529186248779,0.0005668934318237007,0.16811791062355042,0.12835198640823364,2680.310791015625
123,,None_f61,194817__csum__amen-break-mashed-164bpm.wav,403967,411648,0.003567606482273649,-643.12213,65.475685,-47.979454,64.13004,-5.9995346,16.74132,-16.483938,11.482311,-15.039236,-7.689617,-16.078827,-2.8276787,-12.006008,-0.7758529186248779,0.0005668934318237007,0.16811791062355042,0.12835198640823364,2680.310791015625
124,,None_f62,194817__csum__amen-break-mashed-164bpm.wav,411648,420352,0.003123700399609173,-626.86487,65.176056,-36.818077,65.64639,-15.08535,3.0326881,-30.922283,1.9148178,-14.469761,-3.0210075,-10.56624,-4.6827736,-15.233112,-2.2789506912231445,0.0007709750789217651,0.006031746044754982,0.1519990861415863,3192.64208984375
125,,None_f62,194817__csum__amen-break-mashed-164bpm.wav,411648,420352,0.003123700399609173,-626.86487,65.176056,-36.818077,65.64639,-15.08535,3.0326881,-30.922283,1.9148178,-14.469761,-3.0210075,-10.56624,-4.6827736,-15.233112,-2.2789506912231445,0.0007709750789217651,0.006031746044754982,0.1519990861415863,3192.64208984375
126,,None_f63,194817__csum__amen-break-mashed-164bpm.wav,420352,424448,0.003915312234312296,-610.49634,31.939936,-12.289436,69.4234,-16.278267,2.3163815,-33.92993,-5.032831,-10.632969,-6.4319572,-9.347715,-0.18156242,-14.166126,-1.160138726234436,0.0,0.06916099786758423,0.184326171875,3686.903564453125
127,,None_f63,194817__csum__amen-break-mashed-164bpm.wav,420352,424448,0.003915312234312296,-610.49634,31.939936,-12.289436,69.4234,-16.278267,2.3163815,-33.92993,-5.032831,-10.632969,-6.4319572,-9.347715,-0.18156242,-14.166126,-1.160138726234436,0.0,0.06916099786758423,0.184326171875,3686.903564453125
128,,None_f64,194817__csum__amen-break-mashed-164bpm.wav,424448,428032,0.005830444395542145,-599.9954,41.983776,-33.729538,60.827766,-8.744774,-0.8835678,-28.714708,5.3781223,-7.9979515,-4.3045025,-9.77548,-2.673544,-11.913122,-1.1375278234481812,4.535147309070453e-05,0.07290249317884445,0.1392299085855484,2646.401123046875
129,,None_f64,194817__csum__amen-break-mashed-164bpm.wav,424448,428032,0.005830444395542145,-599.9954,41.983776,-33.729538,60.827766,-8.744774,-0.8835678,-28.714708,5.3781223,-7.9979515,-4.3045025,-9.77548,-2.673544,-11.913122,-1.1375278234481812,4.535147309070453e-05,0.07290249317884445,0.1392299085855484,2646.401123046875
130,,None_f65,194817__csum__amen-break-mashed-164bpm.wav,428032,440319,0.0035497027759750686,-626.47266,67.82255,-33.831825,60.485428,-16.260132,8.054621,-23.141022,4.848917,-11.545485,0.75359344,-5.667141,-0.23447418,-17.297932,-1.0927447080612183,6.80272132740356e-05,0.08083900064229965,0.1437174528837204,2697.377685546875
131,,None_f65,194817__csum__amen-break-mashed-164bpm.wav,428032,440319,0.0035497027759750686,-626.47266,67.82255,-33.831825,60.485428,-16.260132,8.054621,-23.141022,4.848917,-11.545485,0.75359344,-5.667141,-0.23447418,-17.297932,-1.0927447080612183,6.80272132740356e-05,0.08083900064229965,0.1437174528837204,2697.377685546875
132,,None_f66,194817__csum__amen-break-mashed-164bpm.wav,440319,443904,0.004543241148744956,-649.6981,40.473267,-53.613953,62.299347,-21.622063,4.555744,-25.590372,-1.1842537,-9.100855,-2.0607872,-5.640362,-10.364868,-19.09092,-1.1279032230377197,9.070294618140906e-05,0.07458049803972244,0.152816504240036,2525.335205078125
133,,None_f66,194817__csum__amen-break-mashed-164bpm.wav,440319,443904,0.004543241148744956,-649.6981,40.473267,-53.613953,62.299347,-21.622063,4.555744,-25.590372,-1.1842537,-9.100855,-2.0607872,-5.640362,-10.364868,-19.09092,-1.1279032230377197,9.070294618140906e-05,0.07458049803972244,0.152816504240036,2525.335205078125
134,,None_f67,194817__csum__amen-break-mashed-164bpm.wav,443904,452096,0.004590227734297514,-622.80945,68.8165,-51.863724,55.883705,-22.257175,16.356796,-10.112736,19.25107,-1.853653,8.570591,-4.410778,7.40119,-3.1152382,-2.2846031188964844,6.80272132740356e-05,0.0052607711404562,0.1312255859375,2385.2421875
135,,None_f67,194817__csum__amen-break-mashed-164bpm.wav,443904,452096,0.004590227734297514,-622.80945,68.8165,-51.863724,55.883705,-22.257175,16.356796,-10.112736,19.25107,-1.853653,8.570591,-4.410778,7.40119,-3.1152382,-2.2846031188964844,6.80272132740356e-05,0.0052607711404562,0.1312255859375,2385.2421875
136,,None_f68,194817__csum__amen-break-mashed-164bpm.wav,452096,460288,0.00428419653326273,-625.6659,71.406006,-48.327988,61.116203,-17.118212,23.075697,-11.5536995,13.0910225,-12.507648,-0.8761215,-5.557598,-0.016643524,-10.926088,-2.666714906692505,0.00011337868636474013,0.0022675737272948027,0.138427734375,2768.57080078125
137,,None_f68,194817__csum__amen-break-mashed-164bpm.wav,452096,460288,0.00428419653326273,-625.6659,71.406006,-48.327988,61.116203,-17.118212,23.075697,-11.5536995,13.0910225,-12.507648,-0.8761215,-5.557598,-0.016643524,-10.926088,-2.666714906692505,0.00011337868636474013,0.0022675737272948027,0.138427734375,2768.57080078125
138,,None_f69,194817__csum__amen-break-mashed-164bpm.wav,460288,472576,0.004659648674229781,-651.70856,70.66136,-30.16251,96.86682,1.8613663,21.883705,-2.358532,15.99114,-8.875862,-2.6519241,-11.570158,-3.7882423,-10.495579,-3.302016019821167,6.80272132740356e-05,0.0005668934318237007,0.1009928360581398,2013.42138671875
139,,None_f69,194817__csum__amen-break-mashed-164bpm.wav,460288,472576,0.004659648674229781,-651.70856,70.66136,-30.16251,96.86682,1.8613663,21.883705,-2.358532,15.99114,-8.875862,-2.6519241,-11.570158,-3.7882423,-10.495579,-3.302016019821167,6.80272132740356e-05,0.0005668934318237007,0.1009928360581398,2013.42138671875
140,,None_f70,194817__csum__amen-break-mashed-164bpm.wav,472576,476671,0.009886342100799084,-692.81305,110.18129,16.122322,105.4497,21.88842,26.93731,-3.0896797,24.752186,4.4995537,-2.2144814,-2.6114807,11.331579,-14.560261,-1.10348379611969,0.0,0.07879818230867386,0.023681640625,873.6083374023438
141,,None_f70,194817__csum__amen-break-mashed-164bpm.wav,472576,476671,0.009886342100799084,-692.81305,110.18129,16.122322,105.4497,21.88842,26.93731,-3.0896797,24.752186,4.4995537,-2.2144814,-2.6114807,11.331579,-14.560261,-1.10348379611969,0.0,0.07879818230867386,0.023681640625,873.6083374023438
142,,None_f71,194817__csum__amen-break-mashed-164bpm.wav,476671,480768,0.01684369989695812,-654.79,80.46089,18.834862,112.75336,30.553467,41.634693,7.0868607,29.238508,15.035141,7.2468185,1.2582436,4.2062607,-12.169863,-2.7752068042755127,0.0032426302786916494,0.0049206349067389965,0.016349438577890396,467.2725830078125
143,,None_f71,194817__csum__amen-break-mashed-164bpm.wav,476671,480768,0.01684369989695812,-654.79,80.46089,18.834862,112.75336,30.553467,41.634693,7.0868607,29.238508,15.035141,7.2468185,1.2582436,4.2062607,-12.169863,-2.7752068042755127,0.0032426302786916494,0.0049206349067389965,0.016349438577890396,467.2725830078125
144,,None_f72,194817__csum__amen-break-mashed-164bpm.wav,480768,484864,0.012677405029535294,-660.3522,102.92275,15.659111,104.33399,20.875473,34.137634,1.2950783,32.749023,10.028183,3.042841,-2.5299377,1.4210587,-5.9166164,-5.0,0.0,0.0,0.045166015625,915.7546997070312
145,,None_f72,194817__csum__amen-break-mashed-164bpm.wav,480768,484864,0.012677405029535294,-660.3522,102.92275,15.659111,104.33399,20.875473,34.137634,1.2950783,32.749023,10.028183,3.042841,-2.5299377,1.4210587,-5.9166164,-5.0,0.0,0.0,0.045166015625,915.7546997070312
146,,None_f73,194817__csum__amen-break-mashed-164bpm.wav,484864,488448,0.008107951177018029,-618.91785,28.61083,-20.643795,77.65188,-0.025356293,12.170853,-32.393204,17.377235,-4.2340183,-5.535206,-5.9818516,-2.8757133,-9.697161,-1.1480624675750732,0.0007029478438198566,0.07181406021118164,0.1565290242433548,1634.71240234375
147,,None_f73,194817__csum__amen-break-mashed-164bpm.wav,484864,488448,0.008107951177018029,-618.91785,28.61083,-20.643795,77.65188,-0.025356293,12.170853,-32.393204,17.377235,-4.2340183,-5.535206,-5.9818516,-2.8757133,-9.697161,-1.1480624675750732,0.0007029478438198566,0.07181406021118164,0.1565290242433548,1634.71240234375
148,,None_f74,194817__csum__amen-break-mashed-164bpm.wav,488448,493056,0.011636019580894046,-602.07324,86.80531,-11.592604,88.69896,9.968147,21.794905,1.3157806,29.38109,14.0244255,9.000572,-2.203291,3.067009,-11.205872,-1.0893441438674927,0.0,0.0814058929681778,0.0705295130610466,1085.9735107421875
149,,None_f74,194817__csum__amen-break-mashed-164bpm.wav,488448,493056,0.011636019580894046,-602.07324,86.80531,-11.592604,88.69896,9.968147,21.794905,1.3157806,29.38109,14.0244255,9.000572,-2.203291,3.067009,-11.205872,-1.0893441438674927,0.0,0.0814058929681778,0.0705295130610466,1085.9735107421875
150,,None_f75,194817__csum__amen-break-mashed-164bpm.wav,493056,500736,0.013425580660502116,-660.6419,142.54611,22.592571,98.147835,15.606953,37.269566,-3.5357742,15.162361,-2.9068794,-0.38264847,-4.7975388,4.0413017,-12.689955,-2.9723408222198486,0.002471655374392867,0.003537415061146021,0.02356770820915699,637.7056274414062
151,,None_f75,194817__csum__amen-break-mashed-164bpm.wav,493056,500736,0.013425580660502116,-660.6419,142.54611,22.592571,98.147835,15.606953,37.269566,-3.5357742,15.162361,-2.9068794,-0.38264847,-4.7975388,4.0413017,-12.689955,-2.9723408222198486,0.002471655374392867,0.003537415061146021,0.02356770820915699,637.7056274414062
152,,None_f76,194817__csum__amen-break-mashed-164bpm.wav,500736,508416,0.004394757250944774,-634.06274,64.368835,-50.023766,67.80057,-5.965662,21.347301,-12.500931,14.61554,-11.96867,-5.0317345,-13.150803,-0.87867737,-11.422947,-0.7928133606910706,0.00043083899072371423,0.1615646332502365,0.12981770932674408,2469.614013671875
153,,None_f76,194817__csum__amen-break-mashed-164bpm.wav,500736,508416,0.004394757250944774,-634.06274,64.368835,-50.023766,67.80057,-5.965662,21.347301,-12.500931,14.61554,-11.96867,-5.0317345,-13.150803,-0.87867737,-11.422947,-0.7928133606910706,0.00043083899072371423,0.1615646332502365,0.12981770932674408,2469.614013671875
154,,None_f77,194817__csum__amen-break-mashed-164bpm.wav,508416,512512,0.014470054768025875,-652.0048,75.53787,13.927471,113.041115,26.440758,41.468327,7.75288,29.282293,15.933235,7.417265,2.1462898,6.4578514,-10.036495,-2.72536039352417,0.004693877417594194,0.0065759639255702496,0.024169921875,574.671630859375
155,,None_f77,194817__csum__amen-break-mashed-164bpm.wav,508416,512512,0.014470054768025875,-652.0048,75.53787,13.927471,113.041115,26.440758,41.468327,7.75288,29.282293,15.933235,7.417265,2.1462898,6.4578514,-10.036495,-2.72536039352417,0.004693877417594194,0.0065759639255702496,0.024169921875,574.671630859375
156,,None_f78,194817__csum__amen-break-mashed-164bpm.wav,512512,517120,0.013304859399795532,-707.3047,138.44609,17.093575,90.45841,0.16785431,28.926838,-0.67601776,25.796223,8.768822,4.229561,-3.4607162,0.19548035,-18.214008,-1.062147855758667,0.0,0.08666666597127914,0.011501736007630825,376.76544189453125
157,,None_f78,194817__csum__amen-break-mashed-164bpm.wav,512512,517120,0.013304859399795532,-707.3047,138.44609,17.093575,90.45841,0.16785431,28.926838,-0.67601776,25.796223,8.768822,4.229561,-3.4607162,0.19548035,-18.214008,-1.062147855758667,0.0,0.08666666597127914,0.011501736007630825,376.76544189453125
158,,None_f79,194817__csum__amen-break-mashed-164bpm.wav,517120,524288,0.00767746993473598,-665.42285,84.03292,-12.223377,105.76172,2.9325638,30.996147,4.5203743,17.431826,-0.24283981,4.5192986,-8.546989,4.268778,-10.593752,-2.006948947906494,0.0028117913752794266,0.01265306118875742,0.060546875,870.6329956054688
159,,None_f79,194817__csum__amen-break-mashed-164bpm.wav,517120,524288,0.00767746993473598,-665.42285,84.03292,-12.223377,105.76172,2.9325638,30.996147,4.5203743,17.431826,-0.24283981,4.5192986,-8.546989,4.268778,-10.593752,-2.006948947906494,0.0028117913752794266,0.01265306118875742,0.060546875,870.6329956054688
160,,None_f80,194817__csum__amen-break-mashed-164bpm.wav,524288,532480,0.002368166344240308,-679.6181,20.624432,-25.079609,87.172104,-2.736744,13.485876,-22.709812,17.521702,-3.7762146,-2.6190262,-10.992495,-2.8334503,-15.303703,-3.000985860824585,0.0015419501578435302,0.002539682434871793,0.15966796875,3671.067626953125
161,,None_f80,194817__csum__amen-break-mashed-164bpm.wav,524288,532480,0.002368166344240308,-679.6181,20.624432,-25.079609,87.172104,-2.736744,13.485876,-22.709812,17.521702,-3.7762146,-2.6190262,-10.992495,-2.8334503,-15.303703,-3.000985860824585,0.0015419501578435302,0.002539682434871793,0.15966796875,3671.067626953125
162,,None_f81,194817__csum__amen-break-mashed-164bpm.wav,532480,541184,0.004276912002002492,-622.45715,80.51663,-46.98891,55.90884,-10.896624,18.780378,-14.358517,7.326824,-8.868856,9.392876,4.850437,6.004017,-12.448572,-2.363405227661133,9.070294618140906e-05,0.004421768710017204,0.13304227590560913,2668.287353515625
163,,None_f81,194817__csum__amen-break-mashed-164bpm.wav,532480,541184,0.004276912002002492,-622.45715,80.51663,-46.98891,55.90884,-10.896624,18.780378,-14.358517,7.326824,-8.868856,9.392876,4.850437,6.004017,-12.448572,-2.363405227661133,9.070294618140906e-05,0.004421768710017204,0.13304227590560913,2668.287353515625
164,,None_f82,194817__csum__amen-break-mashed-164bpm.wav,541184,545280,0.004277813248336315,-627.67194,47.17541,-23.871517,61.940163,-4.604761,-7.1442947,-27.347143,10.959429,-9.437347,-4.905094,-12.743578,-1.1481705,-12.482155,-1.1169376373291016,0.0024263039231300354,0.0788208618760109,0.12939453125,2144.010986328125
165,,None_f82,194817__csum__amen-break-mashed-164bpm.wav,541184,545280,0.004277813248336315,-627.67194,47.17541,-23.871517,61.940163,-4.604761,-7.1442947,-27.347143,10.959429,-9.437347,-4.905094,-12.743578,-1.1481705,-12.482155,-1.1169376373291016,0.0024263039231300354,0.0788208618760109,0.12939453125,2144.010986328125
166,,None_f83,194817__csum__amen-break-mashed-164bpm.wav,545280,557056,0.008632744783940523,-672.14044,94.01727,24.687801,106.080086,19.442814,25.231209,-4.98254,34.75273,3.4398193,0.7289772,-6.4400253,2.4775314,-10.673964,-1.0152329206466675,0.0011111111380159855,0.09766440093517303,0.057999320328235626,947.6632080078125
167,,None_f83,194817__csum__amen-break-mashed-164bpm.wav,545280,557056,0.008632744783940523,-672.14044,94.01727,24.687801,106.080086,19.442814,25.231209,-4.98254,34.75273,3.4398193,0.7289772,-6.4400253,2.4775314,-10.673964,-1.0152329206466675,0.0011111111380159855,0.09766440093517303,0.057999320328235626,947.6632080078125
168,,None_f84,194817__csum__amen-break-mashed-164bpm.wav,557056,565248,0.004603543784469366,-624.9993,75.309105,-42.852886,59.18015,-14.906769,21.82438,-12.100889,10.850008,-15.822639,-1.4373093,-6.329378,0.7422447,-11.804155,-3.7413485050201416,0.0002040816325461492,0.00038548753946088254,0.12548828125,2311.59521484375
169,,None_f84,194817__csum__amen-break-mashed-164bpm.wav,557056,565248,0.004603543784469366,-624.9993,75.309105,-42.852886,59.18015,-14.906769,21.82438,-12.100889,10.850008,-15.822639,-1.4373093,-6.329378,0.7422447,-11.804155,-3.7413485050201416,0.0002040816325461492,0.00038548753946088254,0.12548828125,2311.59521484375
170,,None_f85,194817__csum__amen-break-mashed-164bpm.wav,565248,573440,0.007807921152561903,-693.1214,91.19856,15.324738,107.88897,16.282822,33.189163,-1.9287872,30.882254,1.7353172,7.3275948,3.0945854,3.577919,-8.621269,-2.123300552368164,0.0,0.007528344634920359,0.0469970703125,994.0853881835938
171,,None_f85,194817__csum__amen-break-mashed-164bpm.wav,565248,573440,0.007807921152561903,-693.1214,91.19856,15.324738,107.88897,16.282822,33.189163,-1.9287872,30.882254,1.7353172,7.3275948,3.0945854,3.577919,-8.621269,-2.123300552368164,0.0,0.007528344634920359,0.0469970703125,994.0853881835938
172,,None_f86,194817__csum__amen-break-mashed-164bpm.wav,573440,577536,0.0036084093153476715,-624.3102,16.985922,-33.596954,66.690765,-18.966722,2.9974194,-32.594906,-1.3798981,-8.458118,-2.703394,-11.64575,-3.6331043,-14.43158,-1.1121939420700073,2.2675736545352265e-05,0.0772562325000763,0.17041015625,3281.936767578125
173,,None_f86,194817__csum__amen-break-mashed-164bpm.wav,573440,577536,0.0036084093153476715,-624.3102,16.985922,-33.596954,66.690765,-18.966722,2.9974194,-32.594906,-1.3798981,-8.458118,-2.703394,-11.64575,-3.6331043,-14.43158,-1.1121939420700073,2.2675736545352265e-05,0.0772562325000763,0.17041015625,3281.936767578125
174,,None_f87,194817__csum__amen-break-mashed-164bpm.wav,577536,581632,0.00816491898149252,-607.0017,76.299515,-29.256903,65.55224,-23.451908,8.906427,-19.160332,8.891853,-9.703245,1.2739639,-18.454086,-7.2591057,-23.38497,-1.1255300045013428,0.0,0.07489795982837677,0.132080078125,1490.849365234375
175,,None_f87,194817__csum__amen-break-mashed-164bpm.wav,577536,581632,0.00816491898149252,-607.0017,76.299515,-29.256903,65.55224,-23.451908,8.906427,-19.160332,8.891853,-9.703245,1.2739639,-18.454086,-7.2591057,-23.38497,-1.1255300045013428,0.0,0.07489795982837677,0.132080078125,1490.849365234375
176,,None_f88,194817__csum__amen-break-mashed-164bpm.wav,581632,586240,0.014357702599631416,-595.4736,82.1719,-9.543343,113.69054,6.7965393,18.86778,-1.4277267,22.504105,-6.336048,11.205994,-2.0205593,-1.4531288,-7.319866,-2.8382585048675537,0.002244897885248065,0.00369614502415061,0.0718315988779068,1086.032470703125
177,,None_f88,194817__csum__amen-break-mashed-164bpm.wav,581632,586240,0.014357702599631416,-595.4736,82.1719,-9.543343,113.69054,6.7965393,18.86778,-1.4277267,22.504105,-6.336048,11.205994,-2.0205593,-1.4531288,-7.319866,-2.8382585048675537,0.002244897885248065,0.00369614502415061,0.0718315988779068,1086.032470703125
178,,None_f89,194817__csum__amen-break-mashed-164bpm.wav,586240,593920,0.0043844098846117655,-613.53564,24.920298,-34.586273,81.67673,-10.887451,4.4756393,-18.562801,14.48069,-7.742834,-1.4311714,-7.356785,-7.032955,-16.367981,-0.8105269074440002,0.0,0.1546938717365265,0.15260416269302368,3170.23291015625
179,,None_f89,194817__csum__amen-break-mashed-164bpm.wav,586240,593920,0.0043844098846117655,-613.53564,24.920298,-34.586273,81.67673,-10.887451,4.4756393,-18.562801,14.48069,-7.742834,-1.4311714,-7.356785,-7.032955,-16.367981,-0.8105269074440002,0.0,0.1546938717365265,0.15260416269302368,3170.23291015625
180,,None_f90,194817__csum__amen-break-mashed-164bpm.wav,593920,598016,0.0067331125028431416,-583.2034,53.08446,-50.253056,62.596825,-23.821735,0.87431717,-32.178738,-2.8312836,-18.444569,3.7267742,-3.8964005,2.044426,-6.9032497,-1.1349672079086304,0.0005668934318237007,0.07385487854480743,0.14306640625,2757.647705078125
181,,None_f90,194817__csum__amen-break-mashed-164bpm.wav,593920,598016,0.0067331125028431416,-583.2034,53.08446,-50.253056,62.596825,-23.821735,0.87431717,-32.178738,-2.8312836,-18.444569,3.7267742,-3.8964005,2.044426,-6.9032497,-1.1349672079086304,0.0005668934318237007,0.07385487854480743,0.14306640625,2757.647705078125
182,,None_f91,194817__csum__amen-break-mashed-164bpm.wav,598016,605184,0.00407307142657893,-622.6522,75.518974,-41.89492,60.530685,-11.277878,17.840069,-16.09304,4.9294357,-12.332382,6.652851,1.5230064,4.26614,-11.43486,-0.7963727116584778,0.0,0.1598185896873474,0.1392299085855484,2657.5673828125
183,,None_f91,194817__csum__amen-break-mashed-164bpm.wav,598016,605184,0.00407307142657893,-622.6522,75.518974,-41.89492,60.530685,-11.277878,17.840069,-16.09304,4.9294357,-12.332382,6.652851,1.5230064,4.26614,-11.43486,-0.7963727116584778,0.0,0.1598185896873474,0.1392299085855484,2657.5673828125
184,,None_f92,194817__csum__amen-break-mashed-164bpm.wav,605184,613888,0.004272528430994819,-622.2906,73.6275,-46.215145,54.22146,-19.66822,15.5804,-9.282461,19.370459,-1.8930359,8.565868,-4.5303764,6.989437,-5.4527626,-2.3819875717163086,0.0002721088530961424,0.004421768710017204,0.12994025647640228,2468.410400390625
185,,None_f92,194817__csum__amen-break-mashed-164bpm.wav,605184,613888,0.004272528430994819,-622.2906,73.6275,-46.215145,54.22146,-19.66822,15.5804,-9.282461,19.370459,-1.8930359,8.565868,-4.5303764,6.989437,-5.4527626,-2.3819875717163086,0.0002721088530961424,0.004421768710017204,0.12994025647640228,2468.410400390625
186,,None_f93,194817__csum__amen-break-mashed-164bpm.wav,613888,617984,0.004922614432871342,-610.80804,52.0282,-25.059996,59.62621,-6.8850536,-8.625851,-28.421545,9.327381,-11.118595,-5.719784,-13.144276,-0.59028435,-12.112825,-1.1169376373291016,0.00015873015217948705,0.07655328512191772,0.13134765625,2191.260498046875
187,,None_f93,194817__csum__amen-break-mashed-164bpm.wav,613888,617984,0.004922614432871342,-610.80804,52.0282,-25.059996,59.62621,-6.8850536,-8.625851,-28.421545,9.327381,-11.118595,-5.719784,-13.144276,-0.59028435,-12.112825,-1.1169376373291016,0.00015873015217948705,0.07655328512191772,0.13134765625,2191.260498046875
188,,None_f94,194817__csum__amen-break-mashed-164bpm.wav,617984,622080,0.007221530191600323,-582.37714,65.230484,-41.894875,53.43062,-18.826681,-4.0232735,-37.255535,-1.9145317,-12.548525,1.0575638,-5.9399757,5.8551254,-12.16909,-1.1483396291732788,0.0017913832562044263,0.07285714149475098,0.13037109375,2247.955078125
189,,None_f94,194817__csum__amen-break-mashed-164bpm.wav,617984,622080,0.007221530191600323,-582.37714,65.230484,-41.894875,53.43062,-18.826681,-4.0232735,-37.255535,-1.9145317,-12.548525,1.0575638,-5.9399757,5.8551254,-12.16909,-1.1483396291732788,0.0017913832562044263,0.07285714149475098,0.13037109375,2247.955078125
190,,None_f95,194817__csum__amen-break-mashed-164bpm.wav,622080,630272,0.006873600650578737,-544.6855,105.68388,-50.31503,45.85079,-19.981956,3.553318,-21.946972,8.38921,1.9210968,3.1121483,-7.6527824,4.3274384,-4.8253326,-1.1487555503845215,0.0004761904710903764,0.07147392630577087,0.113037109375,2281.47021484375
191,,None_f95,194817__csum__amen-break-mashed-164bpm.wav,622080,630272,0.006873600650578737,-544.6855,105.68388,-50.31503,45.85079,-19.981956,3.553318,-21.946972,8.38921,1.9210968,3.1121483,-7.6527824,4.3274384,-4.8253326,-1.1487555503845215,0.0004761904710903764,0.07147392630577087,0.113037109375,2281.47021484375
192,,None_f96,194817__csum__amen-break-mashed-164bpm.wav,630272,637952,0.005086591839790345,-609.9855,42.01928,-65.21501,63.19027,-25.480795,3.6439552,-17.150188,2.027134,-19.978024,-8.34145,-17.891056,-5.63435,-11.692823,-3.7413485050201416,0.0002721088530961424,0.00045351474545896053,0.14986978471279144,3141.593017578125
193,,None_f96,194817__csum__amen-break-mashed-164bpm.wav,630272,637952,0.005086591839790345,-609.9855,42.01928,-65.21501,63.19027,-25.480795,3.6439552,-17.150188,2.027134,-19.978024,-8.34145,-17.891056,-5.63435,-11.692823,-3.7413485050201416,0.0002721088530961424,0.00045351474545896053,0.14986978471279144,3141.593017578125
194,,None_f97,194817__csum__amen-break-mashed-164bpm.wav,637952,653824,0.0072382731783774594,-625.2442,109.98129,-7.7456207,90.58041,-0.7885704,21.164658,-3.793377,24.124493,3.8603134,10.784365,-3.0108337,-0.521183,-18.1235,-0.771350622177124,0.0,0.16929705440998077,0.09438004344701767,1470.953857421875
195,,None_f97,194817__csum__amen-break-mashed-164bpm.wav,637952,653824,0.0072382731783774594,-625.2442,109.98129,-7.7456207,90.58041,-0.7885704,21.164658,-3.793377,24.124493,3.8603134,10.784365,-3.0108337,-0.521183,-18.1235,-0.771350622177124,0.0,0.16929705440998077,0.09438004344701767,1470.953857421875
196,,None_f98,194817__csum__amen-break-mashed-164bpm.wav,653824,666624,0.006449868083000183,-657.2816,85.35115,6.3878136,100.42108,13.833508,30.893776,-2.237629,29.075783,2.0573578,1.0653114,-1.932497,-3.3692398,-11.801764,-0.9744712114334106,0.0,0.10605442523956299,0.07984375208616257,1258.0333251953125
197,,None_f98,194817__csum__amen-break-mashed-164bpm.wav,653824,666624,0.006449868083000183,-657.2816,85.35115,6.3878136,100.42108,13.833508,30.893776,-2.237629,29.075783,2.0573578,1.0653114,-1.932497,-3.3692398,-11.801764,-0.9744712114334106,0.0,0.10605442523956299,0.07984375208616257,1258.0333251953125
198,,None_f99,194817__csum__amen-break-mashed-164bpm.wav,666624,670208,0.006010026804038456,-643.46124,46.955807,-40.903152,69.23508,-9.810104,2.4899368,-26.929201,4.6844406,-7.8502483,-3.8816528,-7.8699417,-7.59478,-22.285954,-1.1793532371520996,0.00022675737272948027,0.06639456003904343,0.1397879421710968,1889.5697021484375
199,,None_f99,194817__csum__amen-break-mashed-164bpm.wav,666624,670208,0.006010026804038456,-643.46124,46.955807,-40.903152,69.23508,-9.810104,2.4899368,-26.929201,4.6844406,-7.8502483,-3.8816528,-7.8699417,-7.59478,-22.285954,-1.1793532371520996,0.00022675737272948027,0.06639456003904343,0.1397879421710968,1889.5697021484375
200,,None_f100,194817__csum__amen-break-mashed-164bpm.wav,670208,674304,0.01703651435673237,-652.1851,82.2723,18.466263,110.95592,29.899834,40.920986,7.547943,28.980448,13.447277,6.8859367,1.1579285,4.6134987,-12.052525,-2.9723408222198486,0.0024263039231300354,0.0034920633770525455,0.016845703125,458.06463623046875
201,,None_f100,194817__csum__amen-break-mashed-164bpm.wav,670208,674304,0.01703651435673237,-652.1851,82.2723,18.466263,110.95592,29.899834,40.920986,7.547943,28.980448,13.447277,6.8859367,1.1579285,4.6134987,-12.052525,-2.9723408222198486,0.0024263039231300354,0.0034920633770525455,0.016845703125,458.06463623046875
202,,None_f101,194817__csum__amen-break-mashed-164bpm.wav,674304,682496,0.008563695475459099,-633.8911,49.600513,0.6853943,96.25137,17.662758,27.795198,-12.823746,31.639627,9.025578,3.3809376,-0.69833374,7.2356606,-1.5443001,-1.6510024070739746,0.0,0.02233560010790825,0.1015625,1157.1622314453125
203,,None_f101,194817__csum__amen-break-mashed-164bpm.wav,674304,682496,0.008563695475459099,-633.8911,49.600513,0.6853943,96.25137,17.662758,27.795198,-12.823746,31.639627,9.025578,3.3809376,-0.69833374,7.2356606,-1.5443001,-1.6510024070739746,0.0,0.02233560010790825,0.1015625,1157.1622314453125
204,,None_f102,194817__csum__amen-break-mashed-164bpm.wav,682496,686592,0.005953577347099781,-604.4597,68.90819,-36.408085,69.53036,-9.1725235,13.574232,-17.030327,14.798277,-3.0473766,3.4805336,-4.7445126,-0.47037125,-6.8593082,-1.111302375793457,0.0,0.07739228755235672,0.129638671875,2242.125244140625
205,,None_f102,194817__csum__amen-break-mashed-164bpm.wav,682496,686592,0.005953577347099781,-604.4597,68.90819,-36.408085,69.53036,-9.1725235,13.574232,-17.030327,14.798277,-3.0473766,3.4805336,-4.7445126,-0.47037125,-6.8593082,-1.111302375793457,0.0,0.07739228755235672,0.129638671875,2242.125244140625
206,,None_f103,194817__csum__amen-break-mashed-164bpm.wav,686592,694272,0.004039199650287628,-640.0781,66.016235,-46.165237,66.07441,-4.4355316,18.020624,-16.101147,11.74246,-14.735729,-6.434044,-15.135727,-2.0075836,-11.598009,-2.1298909187316895,4.535147309070453e-05,0.007460317574441433,0.13059896230697632,2606.34716796875
207,,None_f103,194817__csum__amen-break-mashed-164bpm.wav,686592,694272,0.004039199650287628,-640.0781,66.016235,-46.165237,66.07441,-4.4355316,18.020624,-16.101147,11.74246,-14.735729,-6.434044,-15.135727,-2.0075836,-11.598009,-2.1298909187316895,4.535147309070453e-05,0.007460317574441433,0.13059896230697632,2606.34716796875
208,,None_f104,194817__csum__amen-break-mashed-164bpm.wav,694272,707072,0.00264441579580307,-678.96173,33.954723,-57.64897,69.23148,-21.290794,6.0138435,-18.245916,2.9211273,-19.200716,-9.740318,-16.376535,-8.980129,-9.491138,-3.112959623336792,0.0,0.0007709750789217651,0.15773437917232513,3160.341552734375
209,,None_f104,194817__csum__amen-break-mashed-164bpm.wav,694272,707072,0.00264441579580307,-678.96173,33.954723,-57.64897,69.23148,-21.290794,6.0138435,-18.245916,2.9211273,-19.200716,-9.740318,-16.376535,-8.980129,-9.491138,-3.112959623336792,0.0,0.0007709750789217651,0.15773437917232513,3160.341552734375
210,,None_f105,194817__csum__amen-break-mashed-164bpm.wav,707072,710144,0.003266281137863795,-695.1943,44.780136,-50.150826,64.987656,-18.564548,5.8938065,-23.205385,3.8503838,-3.4063187,1.8601532,-3.5119991,-5.780838,-11.248337,-1.2314742803573608,0.00553287984803319,0.06421768665313721,0.1477864533662796,1940.8287353515625
211,,None_f105,194817__csum__amen-break-mashed-164bpm.wav,707072,710144,0.003266281137863795,-695.1943,44.780136,-50.150826,64.987656,-18.564548,5.8938065,-23.205385,3.8503838,-3.4063187,1.8601532,-3.5119991,-5.780838,-11.248337,-1.2314742803573608,0.00553287984803319,0.06421768665313721,0.1477864533662796,1940.8287353515625
212,,None_f106,194817__csum__amen-break-mashed-164bpm.wav,710144,718335,0.003530192654579878,-639.9581,26.767145,-35.26178,64.84905,-10.565109,1.3555565,-24.608625,17.564281,-4.360981,-2.464302,-9.082439,-1.7515602,-14.33844,-2.277082681655884,0.0014058956876397133,0.006689342204481363,0.1400146484375,2851.056396484375
213,,None_f106,194817__csum__amen-break-mashed-164bpm.wav,710144,718335,0.003530192654579878,-639.9581,26.767145,-35.26178,64.84905,-10.565109,1.3555565,-24.608625,17.564281,-4.360981,-2.464302,-9.082439,-1.7515602,-14.33844,-2.277082681655884,0.0014058956876397133,0.006689342204481363,0.1400146484375,2851.056396484375
214,,None_f107,194817__csum__amen-break-mashed-164bpm.wav,718335,726528,0.012276101758313058,-672.7816,133.60695,18.453548,103.09418,16.14862,37.76543,0.3147049,20.17542,2.9327965,-1.2904472,-4.6590195,3.792488,-11.546017,-1.76937735080719,0.00011337868636474013,0.017120180651545525,0.021601172164082527,650.6614379882812
215,,None_f107,194817__csum__amen-break-mashed-164bpm.wav,718335,726528,0.012276101758313058,-672.7816,133.60695,18.453548,103.09418,16.14862,37.76543,0.3147049,20.17542,2.9327965,-1.2904472,-4.6590195,3.792488,-11.546017,-1.76937735080719,0.00011337868636474013,0.017120180651545525,0.021601172164082527,650.6614379882812
216,,None_f108,194817__csum__amen-break-mashed-164bpm.wav,726528,730624,0.015783291310071945,-638.3366,76.55061,15.801739,109.07494,27.766144,41.03756,6.897766,29.317465,15.975185,6.9872513,1.7827911,5.9349537,-11.535566,-2.7752068042755127,0.004693877417594194,0.006371882278472185,0.020263671875,576.6177978515625
217,,None_f108,194817__csum__amen-break-mashed-164bpm.wav,726528,730624,0.015783291310071945,-638.3366,76.55061,15.801739,109.07494,27.766144,41.03756,6.897766,29.317465,15.975185,6.9872513,1.7827911,5.9349537,-11.535566,-2.7752068042755127,0.004693877417594194,0.006371882278472185,0.020263671875,576.6177978515625
218,,None_f109,194817__csum__amen-break-mashed-164bpm.wav,730624,734720,0.014843601733446121,-677.056,129.92218,19.384846,103.617065,12.74176,35.10642,1.4309196,30.919495,4.731388,2.5175438,-4.4073105,3.4291573,-6.714485,-3.0423786640167236,0.0,0.0009070294909179211,0.02099609375,629.9401245117188
219,,None_f109,194817__csum__amen-break-mashed-164bpm.wav,730624,734720,0.014843601733446121,-677.056,129.92218,19.384846,103.617065,12.74176,35.10642,1.4309196,30.919495,4.731388,2.5175438,-4.4073105,3.4291573,-6.714485,-3.0423786640167236,0.0,0.0009070294909179211,0.02099609375,629.9401245117188
220,,None_f110,194817__csum__amen-break-mashed-164bpm.wav,734720,742400,0.010666632652282714,-668.6913,133.87396,28.046036,98.411285,13.389248,24.256361,-1.1990776,26.395283,-1.7296448,3.667572,-11.924072,-0.6173668,-8.868092,-1.086090087890625,0.0,0.08201813697814941,0.02239583246409893,774.377685546875
221,,None_f110,194817__csum__amen-break-mashed-164bpm.wav,734720,742400,0.010666632652282714,-668.6913,133.87396,28.046036,98.411285,13.389248,24.256361,-1.1990776,26.395283,-1.7296448,3.667572,-11.924072,-0.6173668,-8.868092,-1.086090087890625,0.0,0.08201813697814941,0.02239583246409893,774.377685546875
222,,None_f111,194817__csum__amen-break-mashed-164bpm.wav,742400,750592,0.00946450512856245,-573.48315,86.37734,-17.355276,86.87735,8.457912,22.717058,-7.2331715,19.150784,-2.8818932,0.19089508,-3.1278763,1.9242821,-13.178314,-1.0229506492614746,0.0,0.09485261142253876,0.08740234375,1686.01318359375
223,,None_f111,194817__csum__amen-break-mashed-164bpm.wav,742400,750592,0.00946450512856245,-573.48315,86.37734,-17.355276,86.87735,8.457912,22.717058,-7.2331715,19.150784,-2.8818932,0.19089508,-3.1278763,1.9242821,-13.178314,-1.0229506492614746,0.0,0.09485261142253876,0.08740234375,1686.01318359375
224,,None_f112,194817__csum__amen-break-mashed-164bpm.wav,750592,762880,0.01042544717590014,-654.57715,109.73343,5.772644,98.8548,20.78099,27.156599,-3.0811882,24.712862,5.7181168,-0.11532211,-2.3681831,6.214905,-13.324425,-2.0211892127990723,2.2675736545352265e-05,0.009546484798192978,0.0340169258415699,916.7120361328125
225,,None_f112,194817__csum__amen-break-mashed-164bpm.wav,750592,762880,0.01042544717590014,-654.57715,109.73343,5.772644,98.8548,20.78099,27.156599,-3.0811882,24.712862,5.7181168,-0.11532211,-2.3681831,6.214905,-13.324425,-2.0211892127990723,2.2675736545352265e-05,0.009546484798192978,0.0340169258415699,916.7120361328125
226,,None_f113,194817__csum__amen-break-mashed-164bpm.wav,762880,768000,0.010947076976299286,-527.5834,92.95265,-34.834377,67.83278,-5.4093857,12.156883,-17.278051,4.1744595,-3.1369114,3.8365784,0.90361214,5.6721096,-5.274805,-1.8382586240768433,0.0001360544265480712,0.014648525975644588,0.0986328125,1899.6136474609375
227,,None_f113,194817__csum__amen-break-mashed-164bpm.wav,762880,768000,0.010947076976299286,-527.5834,92.95265,-34.834377,67.83278,-5.4093857,12.156883,-17.278051,4.1744595,-3.1369114,3.8365784,0.90361214,5.6721096,-5.274805,-1.8382586240768433,0.0001360544265480712,0.014648525975644588,0.0986328125,1899.6136474609375
228,,None_f114,194817__csum__amen-break-mashed-164bpm.wav,768000,775168,0.006070701139313834,-610.2198,68.74542,-44.140747,67.44329,-14.940687,14.764114,-16.81394,12.526804,-8.687002,-0.75746155,-12.606754,-5.460224,-13.119814,-0.8334672451019287,0.0002040816325461492,0.1469387710094452,0.1268136203289032,1972.259765625
229,,None_f114,194817__csum__amen-break-mashed-164bpm.wav,768000,775168,0.006070701139313834,-610.2198,68.74542,-44.140747,67.44329,-14.940687,14.764114,-16.81394,12.526804,-8.687002,-0.75746155,-12.606754,-5.460224,-13.119814,-0.8334672451019287,0.0002040816325461492,0.1469387710094452,0.1268136203289032,1972.259765625
230,,None_f115,194817__csum__amen-break-mashed-164bpm.wav,775168,782848,0.007576368749141693,-668.5777,84.87851,-12.567684,106.1473,3.3761406,31.01225,3.4267998,16.559132,-0.53954697,5.2279186,-7.9116974,4.613432,-10.136635,-1.6324454545974731,0.0,0.02331065759062767,0.0611979179084301,1105.732177734375
231,,None_f115,194817__csum__amen-break-mashed-164bpm.wav,775168,782848,0.007576368749141693,-668.5777,84.87851,-12.567684,106.1473,3.3761406,31.01225,3.4267998,16.559132,-0.53954697,5.2279186,-7.9116974,4.613432,-10.136635,-1.6324454545974731,0.0,0.02331065759062767,0.0611979179084301,1105.732177734375
232,,None_f116,194817__csum__amen-break-mashed-164bpm.wav,782848,791039,0.0029385071247816086,-686.0082,20.529251,-26.708881,87.78831,-2.4558601,12.523167,-24.152584,16.798624,-4.72015,-3.1687546,-10.737431,-3.7565956,-16.16452,-0.7430892586708069,0.00011337868636474013,0.1807936578989029,0.1585693359375,3190.779541015625
233,,None_f116,194817__csum__amen-break-mashed-164bpm.wav,782848,791039,0.0029385071247816086,-686.0082,20.529251,-26.708881,87.78831,-2.4558601,12.523167,-24.152584,16.798624,-4.72015,-3.1687546,-10.737431,-3.7565956,-16.16452,-0.7430892586708069,0.00011337868636474013,0.1807936578989029,0.1585693359375,3190.779541015625
234,,None_f117,194817__csum__amen-break-mashed-164bpm.wav,791039,799232,0.0038239078926754952,-627.6345,79.53412,-45.436054,56.710564,-10.581854,18.709293,-15.278957,6.1943684,-10.582247,7.660965,3.6436539,5.428486,-12.180321,-2.307978868484497,0.0005215419223532081,0.005442176945507526,0.1320478469133377,2738.1376953125
235,,None_f117,194817__csum__amen-break-mashed-164bpm.wav,791039,799232,0.0038239078926754952,-627.6345,79.53412,-45.436054,56.710564,-10.581854,18.709293,-15.278957,6.1943684,-10.582247,7.660965,3.6436539,5.428486,-12.180321,-2.307978868484497,0.0005215419223532081,0.005442176945507526,0.1320478469133377,2738.1376953125
236,,None_f118,194817__csum__amen-break-mashed-164bpm.wav,799232,803328,0.004087261389940977,-632.0346,41.379196,-24.207045,63.54605,-3.642912,-7.3043213,-26.91206,12.0268345,-8.6206455,-4.901703,-14.020012,-3.0477161,-14.768509,-1.0920137166976929,0.0001360544265480712,0.08104308694601059,0.131591796875,2234.259033203125
237,,None_f118,194817__csum__amen-break-mashed-164bpm.wav,799232,803328,0.004087261389940977,-632.0346,41.379196,-24.207045,63.54605,-3.642912,-7.3043213,-26.91206,12.0268345,-8.6206455,-4.901703,-14.020012,-3.0477161,-14.768509,-1.0920137166976929,0.0001360544265480712,0.08104308694601059,0.131591796875,2234.259033203125
238,,None_f119,194817__csum__amen-break-mashed-164bpm.wav,803328,815104,0.008580875137577887,-670.84937,93.19586,24.049915,105.90857,19.622128,25.506622,-5.1204815,34.452904,3.1555748,0.578701,-6.2125626,2.6620789,-11.047461,-0.5835142135620117,0.0,0.26090702414512634,0.05944293364882469,970.8692016601562
239,,None_f119,194817__csum__amen-break-mashed-164bpm.wav,803328,815104,0.008580875137577887,-670.84937,93.19586,24.049915,105.90857,19.622128,25.506622,-5.1204815,34.452904,3.1555748,0.578701,-6.2125626,2.6620789,-11.047461,-0.5835142135620117,0.0,0.26090702414512634,0.05944293364882469,970.8692016601562
240,,None_f120,194817__csum__amen-break-mashed-164bpm.wav,815104,823296,0.004878959618508816,-618.6334,73.72658,-47.23616,52.903458,-21.409687,14.6860695,-10.822746,17.695946,-2.633213,9.014812,-4.0724144,8.128979,-3.5598087,-3.125924587249756,0.0,0.0007482992950826883,0.1207275390625,2244.365234375
241,,None_f120,194817__csum__amen-break-mashed-164bpm.wav,815104,823296,0.004878959618508816,-618.6334,73.72658,-47.23616,52.903458,-21.409687,14.6860695,-10.822746,17.695946,-2.633213,9.014812,-4.0724144,8.128979,-3.5598087,-3.125924587249756,0.0,0.0007482992950826883,0.1207275390625,2244.365234375
242,,None_f121,194817__csum__amen-break-mashed-164bpm.wav,823296,831488,0.0037469747476279736,-637.7433,62.024223,-32.58815,49.68718,-17.522242,13.407005,-16.14285,8.459112,-16.522074,2.3651638,-5.8081665,0.7989311,-11.575808,-0.7490713000297546,0.00015873015217948705,0.17836734652519226,0.1470947265625,2747.089111328125
243,,None_f121,194817__csum__amen-break-mashed-164bpm.wav,823296,831488,0.0037469747476279736,-637.7433,62.024223,-32.58815,49.68718,-17.522242,13.407005,-16.14285,8.459112,-16.522074,2.3651638,-5.8081665,0.7989311,-11.575808,-0.7490713000297546,0.00015873015217948705,0.17836734652519226,0.1470947265625,2747.089111328125
244,,None_f122,194817__csum__amen-break-mashed-164bpm.wav,831488,839168,0.0025868366161982217,-662.7174,52.22204,-16.862095,45.945435,-21.266718,-7.112911,-19.76523,1.7781849,-19.463594,0.2188034,-3.4124699,9.781382,-6.3072796,-3.1820406913757324,0.0002040816325461492,0.0008616779814474285,0.1490885466337204,3057.200927734375
245,,None_f122,194817__csum__amen-break-mashed-164bpm.wav,831488,839168,0.0025868366161982217,-662.7174,52.22204,-16.862095,45.945435,-21.266718,-7.112911,-19.76523,1.7781849,-19.463594,0.2188034,-3.4124699,9.781382,-6.3072796,-3.1820406913757324,0.0002040816325461492,0.0008616779814474285,0.1490885466337204,3057.200927734375
246,,None_f123,194817__csum__amen-break-mashed-164bpm.wav,839168,851968,0.005928236842155456,-693.8961,72.08081,0.097263336,100.41356,9.901627,29.92604,-2.7572021,23.612532,0.60224915,4.7834473,1.3119354,2.2049942,-10.246891,-2.527167320251465,2.2675736545352265e-05,0.0029931971803307533,0.09187500178813934,990.1589965820312
247,,None_f123,194817__csum__amen-break-mashed-164bpm.wav,839168,851968,0.005928236842155456,-693.8961,72.08081,0.097263336,100.41356,9.901627,29.92604,-2.7572021,23.612532,0.60224915,4.7834473,1.3119354,2.2049942,-10.246891,-2.527167320251465,2.2675736545352265e-05,0.0029931971803307533,0.09187500178813934,990.1589965820312
248,,None_f124,194817__csum__amen-break-mashed-164bpm.wav,851968,856064,0.0026804811786860228,-662.6258,40.046577,-44.35524,62.630165,-12.918247,10.469305,-22.048159,22.841015,-2.2716675,5.8781033,0.86432266,-0.4405365,-7.4044533,-1.1443394422531128,0.00018140589236281812,0.07190476357936859,0.154541015625,3732.782958984375
249,,None_f124,194817__csum__amen-break-mashed-164bpm.wav,851968,856064,0.0026804811786860228,-662.6258,40.046577,-44.35524,62.630165,-12.918247,10.469305,-22.048159,22.841015,-2.2716675,5.8781033,0.86432266,-0.4405365,-7.4044533,-1.1443394422531128,0.00018140589236281812,0.07190476357936859,0.154541015625,3732.782958984375
250,,None_f125,194817__csum__amen-break-mashed-164bpm.wav,856064,860160,0.003795098280534148,-607.52844,39.31606,-21.412653,65.296555,-19.274471,-0.78526306,-33.761528,-0.8642082,-8.931803,-3.6965904,-14.943872,-4.354723,-17.059721,-1.1494495868682861,9.070294618140906e-05,0.07097505778074265,0.158935546875,3019.083251953125
251,,None_f125,194817__csum__amen-break-mashed-164bpm.wav,856064,860160,0.003795098280534148,-607.52844,39.31606,-21.412653,65.296555,-19.274471,-0.78526306,-33.761528,-0.8642082,-8.931803,-3.6965904,-14.943872,-4.354723,-17.059721,-1.1494495868682861,9.070294618140906e-05,0.07097505778074265,0.158935546875,3019.083251953125
252,,None_f126,194817__csum__amen-break-mashed-164bpm.wav,860160,867840,0.002454085648059845,-653.4684,6.991293,-41.80906,55.50238,-21.034819,-2.0739784,-29.118422,6.825735,-18.279745,-17.432983,-16.883566,-14.395664,-24.428238,-1.1693488359451294,0.0002040816325461492,0.06791383028030396,0.16067709028720856,3433.66259765625
253,,None_f126,194817__csum__amen-break-mashed-164bpm.wav,860160,867840,0.002454085648059845,-653.4684,6.991293,-41.80906,55.50238,-21.034819,-2.0739784,-29.118422,6.825735,-18.279745,-17.432983,-16.883566,-14.395664,-24.428238,-1.1693488359451294,0.0002040816325461492,0.06791383028030396,0.16067709028720856,3433.66259765625
254,,None_f127,194817__csum__amen-break-mashed-164bpm.wav,867840,871936,0.005654510576277971,-641.3051,57.376625,-33.65184,72.57749,-11.617891,11.6128845,-22.335962,6.6475105,-3.9762821,1.255291,-4.6434326,-7.8809166,-16.42372,-1.122516393661499,0.0014285714132711291,0.07684807479381561,0.137939453125,2012.9451904296875
255,,None_f127,194817__csum__amen-break-mashed-164bpm.wav,867840,871936,0.005654510576277971,-641.3051,57.376625,-33.65184,72.57749,-11.617891,11.6128845,-22.335962,6.6475105,-3.9762821,1.255291,-4.6434326,-7.8809166,-16.42372,-1.122516393661499,0.0014285714132711291,0.07684807479381561,0.137939453125,2012.9451904296875
256,,None_f128,194817__csum__amen-break-mashed-164bpm.wav,871936,876032,0.015464705415070057,-639.89856,80.83851,22.86042,110.05553,22.897999,29.118666,-0.20881653,28.924675,4.5475082,14.4339485,-2.0565262,8.309896,1.806839,-2.9201629161834717,0.0032879819627851248,0.00448979577049613,0.01708984375,513.130615234375
257,,None_f128,194817__csum__amen-break-mashed-164bpm.wav,871936,876032,0.015464705415070057,-639.89856,80.83851,22.86042,110.05553,22.897999,29.118666,-0.20881653,28.924675,4.5475082,14.4339485,-2.0565262,8.309896,1.806839,-2.9201629161834717,0.0032879819627851248,0.00448979577049613,0.01708984375,513.130615234375
258,,None_f129,194817__csum__amen-break-mashed-164bpm.wav,876032,879616,0.012069982077394212,-684.9991,114.386826,12.800816,112.69724,25.174812,33.033924,0.75434875,31.639698,4.7185326,9.542704,-4.53743,5.600313,-16.02119,-1.1204321384429932,0.0032879819627851248,0.07907029241323471,0.02008928544819355,802.4526977539062
259,,None_f129,194817__csum__amen-break-mashed-164bpm.wav,876032,879616,0.012069982077394212,-684.9991,114.386826,12.800816,112.69724,25.174812,33.033924,0.75434875,31.639698,4.7185326,9.542704,-4.53743,5.600313,-16.02119,-1.1204321384429932,0.0032879819627851248,0.07907029241323471,0.02008928544819355,802.4526977539062
260,,None_f130,194817__csum__amen-break-mashed-164bpm.wav,879616,887808,0.010958184488117695,-680.3907,134.74222,22.393227,101.42575,19.531555,36.760986,-2.4570808,16.664894,-0.41088867,-1.3433189,-4.2471905,5.47678,-12.129034,-2.0170726776123047,0.0014739228645339608,0.011088435538113117,0.0198974609375,627.2361450195312
261,,None_f130,194817__csum__amen-break-mashed-164bpm.wav,879616,887808,0.010958184488117695,-680.3907,134.74222,22.393227,101.42575,19.531555,36.760986,-2.4570808,16.664894,-0.41088867,-1.3433189,-4.2471905,5.47678,-12.129034,-2.0170726776123047,0.0014739228645339608,0.011088435538113117,0.0198974609375,627.2361450195312
262,,None_f131,194817__csum__amen-break-mashed-164bpm.wav,887808,896000,0.011492352001369,-676.136,134.94809,19.856071,102.45131,15.51712,38.388298,-0.4957962,18.732405,1.4256172,-1.3693924,-6.4554214,2.3788376,-12.069748,-0.9193440675735474,0.0,0.12040816247463226,0.022216796875,671.4478149414062
263,,None_f131,194817__csum__amen-break-mashed-164bpm.wav,887808,896000,0.011492352001369,-676.136,134.94809,19.856071,102.45131,15.51712,38.388298,-0.4957962,18.732405,1.4256172,-1.3693924,-6.4554214,2.3788376,-12.069748,-0.9193440675735474,0.0,0.12040816247463226,0.022216796875,671.4478149414062
264,,None_f132,194817__csum__amen-break-mashed-164bpm.wav,896000,904192,0.005054484587162733,-638.4284,65.293434,-50.207172,67.16504,-6.3101273,21.08839,-12.793877,14.357117,-12.331661,-5.503994,-14.539955,-1.271637,-11.009062,-0.7623127102851868,0.0,0.1728571355342865,0.1248779296875,2023.4454345703125
265,,None_f132,194817__csum__amen-break-mashed-164bpm.wav,896000,904192,0.005054484587162733,-638.4284,65.293434,-50.207172,67.16504,-6.3101273,21.08839,-12.793877,14.357117,-12.331661,-5.503994,-14.539955,-1.271637,-11.009062,-0.7623127102851868,0.0,0.1728571355342865,0.1248779296875,2023.4454345703125
266,,None_f133,194817__csum__amen-break-mashed-164bpm.wav,904192,908800,0.015558093786239624,-600.0102,86.527985,-4.046814,115.54562,7.920128,18.884916,-0.23963165,21.772825,-6.7939205,10.238005,-3.2221756,-2.5539703,-9.206097,-2.0785906314849854,0.00038548753946088254,0.008730159141123295,0.0661892369389534,978.3945922851562
267,,None_f133,194817__csum__amen-break-mashed-164bpm.wav,904192,908800,0.015558093786239624,-600.0102,86.527985,-4.046814,115.54562,7.920128,18.884916,-0.23963165,21.772825,-6.7939205,10.238005,-3.2221756,-2.5539703,-9.206097,-2.0785906314849854,0.00038548753946088254,0.008730159141123295,0.0661892369389534,978.3945922851562
268,,None_f134,194817__csum__amen-break-mashed-164bpm.wav,908800,919552,0.002758204582191649,-676.83185,21.24612,-40.149307,95.238914,-14.591845,12.219795,-15.086752,10.348135,-8.3638,4.122242,-9.583282,-10.133644,-17.875944,-1.643570899963379,0.0,0.02272108756005764,0.1593191921710968,3413.01123046875
269,,None_f134,194817__csum__amen-break-mashed-164bpm.wav,908800,919552,0.002758204582191649,-676.83185,21.24612,-40.149307,95.238914,-14.591845,12.219795,-15.086752,10.348135,-8.3638,4.122242,-9.583282,-10.133644,-17.875944,-1.643570899963379,0.0,0.02272108756005764,0.1593191921710968,3413.01123046875
270,,None_f135,194817__csum__amen-break-mashed-164bpm.wav,919552,928256,0.004406397833543665,-627.4926,73.812386,-47.405388,65.32088,-4.5628967,24.91714,-7.744404,18.080511,-5.752962,-0.25197983,-10.16674,2.1546345,-9.699936,-2.0821456909179688,0.0006349206087179482,0.008911564946174622,0.1266084611415863,2324.427734375
271,,None_f135,194817__csum__amen-break-mashed-164bpm.wav,919552,928256,0.004406397833543665,-627.4926,73.812386,-47.405388,65.32088,-4.5628967,24.91714,-7.744404,18.080511,-5.752962,-0.25197983,-10.16674,2.1546345,-9.699936,-2.0821456909179688,0.0006349206087179482,0.008911564946174622,0.1266084611415863,2324.427734375
272,,None_f136,194817__csum__amen-break-mashed-164bpm.wav,928256,931840,0.003917605217014041,-649.7166,34.436928,-21.434082,66.88983,-3.565256,-6.4732246,-25.66772,13.670458,-8.694233,-8.482586,-19.279465,-6.044956,-19.23373,-1.1141108274459839,0.0018140589818358421,0.0787074863910675,0.1453683078289032,2470.194580078125
273,,None_f136,194817__csum__amen-break-mashed-164bpm.wav,928256,931840,0.003917605217014041,-649.7166,34.436928,-21.434082,66.88983,-3.565256,-6.4732246,-25.66772,13.670458,-8.694233,-8.482586,-19.279465,-6.044956,-19.23373,-1.1141108274459839,0.0018140589818358421,0.0787074863910675,0.1453683078289032,2470.194580078125
274,,None_f137,194817__csum__amen-break-mashed-164bpm.wav,931840,944640,0.004208202660083771,-623.49274,52.568256,-26.271544,54.51732,-22.331491,8.319414,-21.521355,6.3620796,-5.1018333,-0.5957451,-9.427845,1.1816063,-11.766979,-2.3390872478485107,0.0,0.004580498673021793,0.14031249284744263,2515.85546875
275,,None_f137,194817__csum__amen-break-mashed-164bpm.wav,931840,944640,0.004208202660083771,-623.49274,52.568256,-26.271544,54.51732,-22.331491,8.319414,-21.521355,6.3620796,-5.1018333,-0.5957451,-9.427845,1.1816063,-11.766979,-2.3390872478485107,0.0,0.004580498673021793,0.14031249284744263,2515.85546875
276,,None_f138,194817__csum__amen-break-mashed-164bpm.wav,944640,952320,0.011239001154899597,-682.16034,137.78647,23.141636,100.40039,17.273243,37.06669,-3.2501907,17.296309,-2.855751,-1.367073,-3.9330444,4.2606583,-13.169107,-5.0,0.0,2.2675736545352265e-05,0.02187499962747097,691.6786499023438
277,,None_f138,194817__csum__amen-break-mashed-164bpm.wav,944640,952320,0.011239001154899597,-682.16034,137.78647,23.141636,100.40039,17.273243,37.06669,-3.2501907,17.296309,-2.855751,-1.367073,-3.9330444,4.2606583,-13.169107,-5.0,0.0,2.2675736545352265e-05,0.02187499962747097,691.6786499023438
278,,None_f139,194817__csum__amen-break-mashed-164bpm.wav,952320,965120,0.0026900777220726013,-676.35944,35.29792,-56.698807,69.22432,-20.2274,6.8258095,-18.434565,4.18696,-18.599424,-8.681057,-15.944065,-7.620735,-8.809113,-2.52386474609375,0.0,0.0029931971803307533,0.15625,3130.168701171875
279,,None_f139,194817__csum__amen-break-mashed-164bpm.wav,952320,965120,0.0026900777220726013,-676.35944,35.29792,-56.698807,69.22432,-20.2274,6.8258095,-18.434565,4.18696,-18.599424,-8.681057,-15.944065,-7.620735,-8.809113,-2.52386474609375,0.0,0.0029931971803307533,0.15625,3130.168701171875
280,,None_f140,194817__csum__amen-break-mashed-164bpm.wav,965120,968704,0.002085265171314989,-700.8038,34.366722,-46.09915,69.96207,-13.915564,10.788647,-20.257647,13.866533,0.15728378,3.671381,-3.477211,-7.1582336,-13.291424,-1.1719746589660645,0.00015873015217948705,0.0674603208899498,0.1626674085855484,3792.392822265625
281,,None_f140,194817__csum__amen-break-mashed-164bpm.wav,965120,968704,0.002085265171314989,-700.8038,34.366722,-46.09915,69.96207,-13.915564,10.788647,-20.257647,13.866533,0.15728378,3.671381,-3.477211,-7.1582336,-13.291424,-1.1719746589660645,0.00015873015217948705,0.0674603208899498,0.1626674085855484,3792.392822265625
282,,None_f141,194817__csum__amen-break-mashed-164bpm.wav,968704,972799,0.002832233440130949,-642.4689,25.134148,-32.106472,67.675186,-4.6169395,-5.186142,-25.211466,16.4121,-5.539572,-4.3545876,-13.364557,-6.3068066,-17.58792,-1.1155219078063965,0.0009977323934435844,0.07764172554016113,0.149658203125,3552.20751953125
283,,None_f141,194817__csum__amen-break-mashed-164bpm.wav,968704,972799,0.002832233440130949,-642.4689,25.134148,-32.106472,67.675186,-4.6169395,-5.186142,-25.211466,16.4121,-5.539572,-4.3545876,-13.364557,-6.3068066,-17.58792,-1.1155219078063965,0.0009977323934435844,0.07764172554016113,0.149658203125,3552.20751953125
284,,None_f142,194817__csum__amen-break-mashed-164bpm.wav,972799,976896,0.003269263044574192,-633.2865,27.024784,-30.20969,68.9426,-5.628544,-5.211609,-23.664928,16.586649,-2.7713985,-2.623808,-11.214687,-2.2487183,-18.297153,-1.1357742547988892,0.0,0.07315192371606827,0.1547096073627472,3656.34326171875
285,,None_f142,194817__csum__amen-break-mashed-164bpm.wav,972799,976896,0.003269263044574192,-633.2865,27.024784,-30.20969,68.9426,-5.628544,-5.211609,-23.664928,16.586649,-2.7713985,-2.623808,-11.214687,-2.2487183,-18.297153,-1.1357742547988892,0.0,0.07315192371606827,0.1547096073627472,3656.34326171875
286,,None_f143,194817__csum__amen-break-mashed-164bpm.wav,976896,980992,0.006936575751751661,-609.41315,43.700516,1.1837234,84.52178,-6.6190147,19.56456,-18.643923,8.115177,1.0849533,0.0078315735,-4.4608364,2.6336193,-10.7340355,-1.1257930994033813,0.00038548753946088254,0.07523809373378754,0.16845703125,2245.760986328125
287,,None_f143,194817__csum__amen-break-mashed-164bpm.wav,976896,980992,0.006936575751751661,-609.41315,43.700516,1.1837234,84.52178,-6.6190147,19.56456,-18.643923,8.115177,1.0849533,0.0078315735,-4.4608364,2.6336193,-10.7340355,-1.1257930994033813,0.00038548753946088254,0.07523809373378754,0.16845703125,2245.760986328125
288,,None_f144,194817__csum__amen-break-mashed-164bpm.wav,980992,989184,0.00864336546510458,-687.70593,133.61784,8.615002,95.532524,9.6877365,30.070621,2.1463623,27.866127,9.5047455,8.095617,-3.0479126,7.3353767,-4.4325676,-2.046743392944336,0.0,0.00897959154099226,0.0406494140625,613.2175903320312
289,,None_f144,194817__csum__amen-break-mashed-164bpm.wav,980992,989184,0.00864336546510458,-687.70593,133.61784,8.615002,95.532524,9.6877365,30.070621,2.1463623,27.866127,9.5047455,8.095617,-3.0479126,7.3353767,-4.4325676,-2.046743392944336,0.0,0.00897959154099226,0.0406494140625,613.2175903320312
290,,None_f145,194817__csum__amen-break-mashed-164bpm.wav,989184,992768,0.009822570851870946,-689.53925,123.58528,0.39476776,96.7755,15.34436,34.211967,-2.3907166,33.94095,4.293949,5.929718,1.6186905,4.16671,3.08947,-2.631601333618164,0.00043083899072371423,0.002766439924016595,0.0345982126891613,1236.3092041015625
291,,None_f145,194817__csum__amen-break-mashed-164bpm.wav,989184,992768,0.009822570851870946,-689.53925,123.58528,0.39476776,96.7755,15.34436,34.211967,-2.3907166,33.94095,4.293949,5.929718,1.6186905,4.16671,3.08947,-2.631601333618164,0.00043083899072371423,0.002766439924016595,0.0345982126891613,1236.3092041015625
292,,None_f146,194817__csum__amen-break-mashed-164bpm.wav,992768,1000960,0.00494114076718688,-623.8858,50.130672,-58.78653,61.548462,-19.992601,6.811409,-14.648134,4.694927,-16.912394,-4.3940735,-14.380569,-1.7946625,-10.631266,-0.7462620735168457,0.0010204081190750003,0.18038548529148102,0.138671875,2514.637451171875
293,,None_f146,194817__csum__amen-break-mashed-164bpm.wav,992768,1000960,0.00494114076718688,-623.8858,50.130672,-58.78653,61.548462,-19.992601,6.811409,-14.648134,4.694927,-16.912394,-4.3940735,-14.380569,-1.7946625,-10.631266,-0.7462620735168457,0.0010204081190750003,0.18038548529148102,0.138671875,2514.637451171875
294,,None_f147,194817__csum__amen-break-mashed-164bpm.wav,1000960,1005568,0.018180838889545865,-648.39136,99.95666,21.66557,108.18323,24.891602,37.718464,3.0771332,24.744278,8.56892,2.2342262,-2.5196114,4.633274,-11.648197,-2.6901960372924805,0.0016099773347377777,0.0036507935728877783,0.014973958022892475,394.315673828125
295,,None_f147,194817__csum__amen-break-mashed-164bpm.wav,1000960,1005568,0.018180838889545865,-648.39136,99.95666,21.66557,108.18323,24.891602,37.718464,3.0771332,24.744278,8.56892,2.2342262,-2.5196114,4.633274,-11.648197,-2.6901960372924805,0.0016099773347377777,0.0036507935728877783,0.014973958022892475,394.315673828125
296,,None_f148,194817__csum__amen-break-mashed-164bpm.wav,1005568,1009151,0.01074501552752086,-613.93066,130.98819,-17.46714,71.50365,4.8626595,11.039772,-21.330378,11.891865,10.480015,2.178135,10.765488,12.162596,-2.570259,-1.2070051431655884,0.0,0.06208616867661476,0.0357142873108387,1237.369873046875
297,,None_f148,194817__csum__amen-break-mashed-164bpm.wav,1005568,1009151,0.01074501552752086,-613.93066,130.98819,-17.46714,71.50365,4.8626595,11.039772,-21.330378,11.891865,10.480015,2.178135,10.765488,12.162596,-2.570259,-1.2070051431655884,0.0,0.06208616867661476,0.0357142873108387,1237.369873046875
298,,None_f149,194817__csum__amen-break-mashed-164bpm.wav,1009151,1016832,0.003776124479000347,-628.48016,71.30476,-45.655426,53.15267,-21.481098,13.13781,-13.5545635,16.159056,-5.444189,7.24543,-4.0652657,7.561779,-4.6083164,-0.7809372544288635,0.0,0.16560091078281403,0.12587867677211761,2418.1298828125
299,,None_f149,194817__csum__amen-break-mashed-164bpm.wav,1009151,1016832,0.003776124479000347,-628.48016,71.30476,-45.655426,53.15267,-21.481098,13.13781,-13.5545635,16.159056,-5.444189,7.24543,-4.0652657,7.561779,-4.6083164,-0.7809372544288635,0.0,0.16560091078281403,0.12587867677211761,2418.1298828125
300,,None_f150,194817__csum__amen-break-mashed-164bpm.wav,1016832,1021440,0.004406375603543388,-618.6525,61.413612,-44.838238,58.086834,-20.716816,2.3025208,-33.028,-0.6632385,-14.715389,0.4467392,-10.231796,2.5015335,-18.534874,-1.0821456909179688,9.070294618140906e-05,0.08285713940858841,0.1354166716337204,2519.853515625
301,,None_f150,194817__csum__amen-break-mashed-164bpm.wav,1016832,1021440,0.004406375603543388,-618.6525,61.413612,-44.838238,58.086834,-20.716816,2.3025208,-33.028,-0.6632385,-14.715389,0.4467392,-10.231796,2.5015335,-18.534874,-1.0821456909179688,9.070294618140906e-05,0.08285713940858841,0.1354166716337204,2519.853515625
302,,None_f151,194817__csum__amen-break-mashed-164bpm.wav,1021440,1025535,0.004971327260136604,-605.0804,74.90021,-40.48482,58.34207,-18.212317,1.934475,-34.614536,-0.93424225,-17.031109,-2.903736,-11.648134,3.0599632,-14.648935,-1.1571587324142456,0.0002040816325461492,0.06984127312898636,0.13525390625,2436.389404296875
303,,None_f151,194817__csum__amen-break-mashed-164bpm.wav,1021440,1025535,0.004971327260136604,-605.0804,74.90021,-40.48482,58.34207,-18.212317,1.934475,-34.614536,-0.93424225,-17.031109,-2.903736,-11.648134,3.0599632,-14.648935,-1.1571587324142456,0.0002040816325461492,0.06984127312898636,0.13525390625,2436.389404296875
304,,None_f152,194817__csum__amen-break-mashed-164bpm.wav,1025535,1029632,0.005330539552568517,-594.9018,78.41282,-39.555573,58.02009,-17.880476,1.7953911,-34.419823,-0.5600281,-17.70943,-3.5466537,-12.28697,2.6535034,-13.854399,-1.1681867837905884,0.0005442177061922848,0.06843537092208862,0.13225963711738586,2441.11376953125
305,,None_f152,194817__csum__amen-break-mashed-164bpm.wav,1025535,1029632,0.005330539552568517,-594.9018,78.41282,-39.555573,58.02009,-17.880476,1.7953911,-34.419823,-0.5600281,-17.70943,-3.5466537,-12.28697,2.6535034,-13.854399,-1.1681867837905884,0.0005442177061922848,0.06843537092208862,0.13225963711738586,2441.11376953125
